순위,검색어,검색량
1,흑백요리사2,5K+ searches
2,울산 현대모비스 대 부산 kcc,1K+ searches
3,정현,1K+ searches
4,흑백요리사,1K+ searches
5,최강록,500+ searches
6,배현진,500+ searches
7,진데님,500+ searches
8,리암 로세니어,500+ searches
9,dlss 4.5,200+ searches
10,la 클리퍼스 대 골든 스테이트,5K+ searches
11,이혜성,200+ searches
12,칸셀루,1K+ searches
13,안세영,200+ searches
14,강지은,1K+ searches
15,윤남노,500+ searches
16,일본 지진,2K+ searches
17,정희원,500+ searches
18,증바람 연장,200+ searches
19,다시보기,100+ searches
20,lck컵,200+ searches
21,리플,1K+ searches
22,하이닉스,500+ searches
23,한국사,500+ searches
24,xrp,500+ searches
25,현대차,500+ searches
26,이지영,200+ searches
27,건국대,500+ searches
28,박지원,100+ searches
29,남욱,200+ searches
30,솔로지옥5,200+ searches
31,권성준,200+ searches
32,코스피,500+ searches
33,국민대,200+ searches
34,세종문화회관,100+ searches
35,이집트 축구,200+ searches
36,이정용,200+ searches
37,레스터시티,200+ searches
38,ces2026,200+ searches
39,조지아,200+ searches
40,피버,500+ searches
41,소액결제,500+ searches
42,예술의전당,100+ searches
43,lck,100+ searches
44,에이피알,100+ searches
45,롯데리아 침착맨,100+ searches
46,펑리위안,100+ searches
47,한국사 능력 검정 시험,100+ searches
48,김영광,200+ searches
49,글라스너,200+ searches
50,갤럭시북6,100+ searches
