video_id,comment_id,author,content,parent_comment_id,likes,created_time,collection_time,valid_from_time,valid_to_time
PMTQNEkYNa0,UgzSeL9F4IMUBkmpTb94AaABAg,@kimfl,"파이썬 기초 강의는 21개 영상으로 나눠진 재생 목록과 약 3시간의 통합본 두가지로 제공됩니다.
통합본 : https://youtu.be/PMTQNEkYNa0
재생목록 : https://youtube.com/playlist?list=PL5bK87xH5V1yNr-2G9nMjBNlGp0_bduIr",,17,2년 전,2025-11-26 17:42:28,2025-11-26 17:42:28,
PMTQNEkYNa0,UgwHtQ6_sLdLleU7Qgx4AaABAg,@-Namul,"나만의 타임라인
06:21 윈도우11버전에서는 shift+ 오른쪽을 눌러야 window powershell 실행가능함
06:37 여기서 쓰다가 tab하는 이유는 나머지 이름들을 불러오는 기능인듯?
13:28 new terminal ctrl+shift+'
13:30 아무것도 없을때는 ctrl ' 만눌러도  terminal 생성가능",,9,1년 전(수정됨),2025-11-26 17:42:28,2025-11-26 17:42:28,
PMTQNEkYNa0,UgzEqMp9g1Xrc_rRylx4AaABAg,@yuchanmp,추억돋네 컴맹인 대학생이 코로나 초창기때 확진자 이동범위 위치를 파이썬으로 찾아 유퀴즈 출연 정확도 95%로,,5,4개월 전,2025-11-26 17:42:28,2025-11-26 17:42:28,
PMTQNEkYNa0,UgzNMFYwMyEn-0MkHTF4AaABAg,@PConOFF1,"쵝오네여~ 말투,목소리,내용,화면,음성 ,설명 등 명품강의!",,10,2년 전,2025-11-26 17:42:28,2025-11-26 17:42:28,
PMTQNEkYNa0,UgypYOiyWAPQlv0P_cR4AaABAg,@틱툭,너무고맙습니다❤ 다른강의들보다 집중도 업업업~~❤,,0,1개월 전,2025-11-26 17:42:28,2025-11-26 17:42:28,
PMTQNEkYNa0,Ugxzo8479inACtCoSrB4AaABAg,@JP-wr3ry,열공할께요! 감사합니다.,,1,2년 전,2025-11-26 17:42:28,2025-11-26 17:42:28,
PMTQNEkYNa0,UgyOxdBYjo3U990zmx14AaABAg,@retro_player00,좋은 영상 감사합니다 목소리 좋네요,,0,2년 전,2025-11-26 17:42:28,2025-11-26 17:42:28,
PMTQNEkYNa0,UgxsgQmoc7vibaT3oCB4AaABAg,@twkim5259,싸랑해요 ㅋ😝,,1,2년 전,2025-11-26 17:42:28,2025-11-26 17:42:28,
PMTQNEkYNa0,Ugwupypu9mBUm50GVPB4AaABAg,@seungukkim2544,정말 간결하고 좋은 강의 감사합니다!!! 마지막 클래스만 좀 갸우뚱 했는데 ...제가 부족해서...,,0,2년 전,2025-11-26 17:42:28,2025-11-26 17:42:28,
PMTQNEkYNa0,UgzT8tW-FhVqljoMVWp4AaABAg,@김준환-w7e,와...제가 들은 강의중에서 최고인듯요. 좋은 강의 감사합니다!,,1,9개월 전,2025-11-26 17:42:28,2025-11-26 17:42:28,
PMTQNEkYNa0,Ugz8AKXNE1abLLMwdl14AaABAg,@SCV_UFC,감사합니다...,,0,7개월 전,2025-11-26 17:42:28,2025-11-26 17:42:28,
PMTQNEkYNa0,UgwIcdPFXrEBCwTHCDd4AaABAg,@haj1126,"2:48:00 
이 부분을 들으면서 머리에 망치를 맞은 기분이었습니다. 이렇게 간단하게 설명할 수 있는 것을 이제야 깨닫다니. return값에 대한 어떤 설명도 이렇게 직관적으로 사람을 이해시켜주지는 않습니다. 이 강의 듣고 인프런에 들어가서 더 많이 배우겠습니다.",,9,2년 전,2025-11-26 17:42:28,2025-11-26 17:42:28,
PMTQNEkYNa0,UgzgKv5ISdf9QLP8mSh4AaABAg,@전영환-o6n,완벽한강의 😆감사합니다,,1,11개월 전,2025-11-26 17:42:28,2025-11-26 17:42:28,
PMTQNEkYNa0,Ugykdi1NbDXJFzIehWZ4AaABAg,@한해준-t6f,"강의 너무 잘 들어서 시청 마치고 리플 풀 매수 했습니다
감사합니다",,1,11개월 전,2025-11-26 17:42:28,2025-11-26 17:42:28,
PMTQNEkYNa0,UgxWbuDnz3CyfsrpPzt4AaABAg,@BenoKorean,"와!! 제가 파이썬 처음 배우는데, 이해가 쏙쏙 잘 되게 쉽게 가르쳐주시네요 : )",,0,3개월 전,2025-11-26 17:42:28,2025-11-26 17:42:28,
PMTQNEkYNa0,UgzVBQtMLJN7523PX9V4AaABAg,@김민욱-i5z,다른 강의들을 다 봤지만 정말 간략하게  잘 설명해주는 강의는 이게 처음이네요 이해가 속속 됩니다 ~!,,1,7개월 전,2025-11-26 17:42:28,2025-11-26 17:42:28,
PMTQNEkYNa0,UgyLqpBZ4bBQ5a3MJFx4AaABAg,@bh-nn1vi,진짜 인생 강의! 덕분에 파이썬 시험 잘 볼 거 같아요! 이해 못한 제가 진짜 잘 이해했습니다!! 늘 건강하시고 좋은 날만 가득하세요 :),,2,11개월 전,2025-11-26 17:42:28,2025-11-26 17:42:28,
PMTQNEkYNa0,UgwdjB3F6I6QUahE_rx4AaABAg,@jaekunyoo8509,"34:28 위치 구간 뒷자리  결승선 비유
2:48:00 동작함수 생성함수 구분  생성치 귀환
안녕하세요. 대단히 감사합니다.
여러 영상들을 통해 공부하는 초보자에요.
2배속으로 공부하는데 1시간40분이 금방 지났어요.
여러번 듣기만 해도 반복숙달이 쉬울 것같아요.

2023년 6월 12일 월   13시   태평양 시간",,8,2년 전,2025-11-26 17:42:28,2025-11-26 17:42:28,
PMTQNEkYNa0,UgyLah76qt7p86-TsPx4AaABAg,@babylonbiz10,처음 접하는 파이썬 강의 감사합니다🎉,,4,2년 전,2025-11-26 17:42:28,2025-11-26 17:42:28,
PMTQNEkYNa0,UgyXAmR1sQ80vsToRwJ4AaABAg,@91lod-d6f,1:22:20 완료!,,0,8개월 전,2025-11-26 17:42:28,2025-11-26 17:42:28,
PMTQNEkYNa0,UgzQ_9HGJxztcVmt6b94AaABAg,@김정욱-y3b,감사합니다! 파이썬 기초가 부족했는데 이 강의 듣고 어느정도 탄탄해졌어요. 이걸 바탕으로 응용하면서 공부하겠습니다!,,0,11개월 전,2025-11-26 17:42:28,2025-11-26 17:42:28,
PMTQNEkYNa0,UgyPoE-fpvDUmOZzrc94AaABAg,@username28diwmxi4,ㄹㅇ 댕 훌륭한 강의입니다.. html 배울땐 노잼이어서 때리치웠는데 파이썬은 너무너무 재밌어서 퇴근하고 이거 하기만 기다립니다. 심지어 자다가도 중간에 깨면 노트북 켜서 파이썬 강의 들으며 해보다가 다시 자곤하네요 ㅋㅋㅋ 파이썬 댕꿀잼...,,1,1년 전,2025-11-26 17:42:28,2025-11-26 17:42:28,
PMTQNEkYNa0,Ugz0Gxtk0nuwtpDJysF4AaABAg,@베타수학,초반에 접근이 좋았는데..갑자기 빨라져요. ㅋ 잠깐씩 끊어가면 좋을 듯 합니다. 뒤로가면 빨라도 될 듯한데..다른 파이썬 강의도 대부분 초반에 급 빨라져요. ㅋ,,2,6개월 전,2025-11-26 17:42:28,2025-11-26 17:42:28,
PMTQNEkYNa0,Ugz_jQjatI44dBN7Rfd4AaABAg,@lrr8275,1:50:40,,2,7개월 전,2025-11-26 17:42:28,2025-11-26 17:42:28,
PMTQNEkYNa0,UgxV9E5SbQdbR4HWaj54AaABAg,@jamyi9019,감사합니다!! 완독하였더니.. 비전공자라 아주 조금만 알것같습니다..ㅠㅠ list 같은 class 코드를 열어서 뜯어보면 공부가 되지 않을까 하는 생각도 드네요..,,0,9개월 전,2025-11-26 17:42:28,2025-11-26 17:42:28,
PMTQNEkYNa0,UgwyCvYmsBM-Ndi0Wat4AaABAg,@서지희-n1l,땡큐 쏘 머치,,0,1년 전,2025-11-26 17:42:28,2025-11-26 17:42:28,
PMTQNEkYNa0,UgxS3rp5BoV2Ti7ygM94AaABAg,@나는항상쌀국수가먹고,1:34:38,,0,1년 전,2025-11-26 17:42:28,2025-11-26 17:42:28,
PMTQNEkYNa0,UgycRQjEGUXoREg8yr94AaABAg,@SMB_SMMA,2023년 감사합니다,,0,2년 전,2025-11-26 17:42:28,2025-11-26 17:42:28,
PMTQNEkYNa0,Ugxsw5JS8BaOPFuy6_J4AaABAg,@보라보라쭈-q2x,11:03,,0,2개월 전,2025-11-26 17:42:28,2025-11-26 17:42:28,
PMTQNEkYNa0,UgxZw2JW9MIC6_LJ4Jd4AaABAg,@junkim4347,1:42,,0,8개월 전,2025-11-26 17:42:28,2025-11-26 17:42:28,
PMTQNEkYNa0,UgzF-0XW8jcP7zibMsp4AaABAg,@ABC-kf9pr,30:45,,0,8개월 전,2025-11-26 17:42:28,2025-11-26 17:42:28,
PMTQNEkYNa0,UgxBH8shSLDGUAQ417N4AaABAg,@그렇구나-x9o,vscode 실행할때마다 오른쪽 아래에 Do you want to install the recommended 'Python' extension from Microsoft for the Python language? 라고 뜨는데 설치 해야되나요??,,2,10개월 전,2025-11-26 17:42:28,2025-11-26 17:42:28,
PMTQNEkYNa0,Ugx9YBP6cXRXUwAoUXx4AaABAg,@ugirung610,26:08,,0,9개월 전,2025-11-26 17:42:28,2025-11-26 17:42:28,
PMTQNEkYNa0,UgyNYQ1aB1wtH8q06QB4AaABAg,@고얌이-t3e,57:26,,0,9개월 전,2025-11-26 17:42:28,2025-11-26 17:42:28,
PMTQNEkYNa0,UgzeN6j_Li95jEVqzQF4AaABAg,@아무것도아닙니다-j9j,1:43:38 이어보기,,0,6개월 전(수정됨),2025-11-26 17:42:28,2025-11-26 17:42:28,
PMTQNEkYNa0,UgzRneKNOqbNti9yYpZ4AaABAg,@그로구딘,개추,,0,7개월 전,2025-11-26 17:42:28,2025-11-26 17:42:28,
PMTQNEkYNa0,UgzQ4S_tqZuOj1ZNGKp4AaABAg,@GameBox895,13:13에는 line2부터 사용하시고 15:19부터는 line1뷰터 사용하시는데 이거 어떻게하나요?,,0,8개월 전,2025-11-26 17:42:28,2025-11-26 17:42:28,
PMTQNEkYNa0,UgxarOCgXLlLkB2dFrd4AaABAg,@우하하-r7v,36:09 대화형 모드라 길이 측정이 안된다고 하셨는데 대화 모드라 안된다는거는 앞의 len(“김플“)과는 뭐가 다른거죠?,,0,7개월 전(수정됨),2025-11-26 17:42:28,2025-11-26 17:42:28,
PMTQNEkYNa0,Ugx6IuCgtdNfEyTc6Gt4AaABAg,@강아지조아해,ㅇㄴ 최성보때메 이거함,,0,4개월 전,2025-11-26 17:42:28,2025-11-26 17:42:28,
PMTQNEkYNa0,Ugw27yBJiaOeP1EIhD54AaABAg,@junkim4347,1) 57:24,,0,8개월 전,2025-11-26 17:42:28,2025-11-26 17:42:28,
PMTQNEkYNa0,Ugyqp87h9PT5w3IL7Fh4AaABAg,@PConOFF1,"와~박쑤^^      허접 농담이나 자기자랑, 헛소리 한번 없는 강의였네요. 우한폐렴 창궐이후 등장한 아시아 최고의 파이썬 강사이십니다!  
엥간한 대학 전임강사나 교수보다 훌륭하십니다. 
계속 애쓰셔 후학들에게 지식전달을 부탁드립니다^^",,5,2년 전,2025-11-26 17:42:28,2025-11-26 17:42:28,
PMTQNEkYNa0,UgzQ76pT_9whz8inI1h4AaABAg,@paulwonyoon,미국 대학교에서 아나콘나의 스파이더로 프로그래밍 배우는데 이 영상으로 공부해도 될까요? 약간의 차이가 있는거 같아서 여쭈어봅니다.,,0,7개월 전,2025-11-26 17:42:28,2025-11-26 17:42:28,
PMTQNEkYNa0,UgxYuPGHxCkwnWZvY4Z4AaABAg,@username28diwmxi4,class가 진짜 어렵네요 ㅜㅜ,,0,1년 전,2025-11-26 17:42:28,2025-11-26 17:42:28,
PMTQNEkYNa0,Ugx6gMSspxc9LpN7vUB4AaABAg,@권지지-s4g,"위에 쓴걸 터미널에서 작동시키려면 
py 파일이름   해야하나요?",,0,6개월 전,2025-11-26 17:42:28,2025-11-26 17:42:28,
PMTQNEkYNa0,Ugz1sBssETiAXVo4ugh4AaABAg,@피지발리,아 스타 파이썬 아니고 다른 파이썬이네요,,0,6개월 전,2025-11-26 17:42:28,2025-11-26 17:42:28,
PMTQNEkYNa0,Ugwh9BKOUzrAPXfN9SN4AaABAg,@그냥살기-f3x,"1일차 20:08
1.5일차 38:11",,0,11개월 전(수정됨),2025-11-26 17:42:28,2025-11-26 17:42:28,
PMTQNEkYNa0,UgwV2PtuZVWKJ1Vsjjx4AaABAg,@yzhwany,alt+z 가 안먹히는데 이건 어떤 오류일까요..?,,0,1년 전,2025-11-26 17:42:28,2025-11-26 17:42:28,
PMTQNEkYNa0,Ugxmp3-bDqtO1OUL9kt4AaABAg,@열씸스터,"안녕하세요!~자동화 gpt공부중 우연하게 판다스를 접하고 또 파이썬기초강좌를 듣다가 김선생님의 유료강좌까지 결제해서 듣게되었습니다. 열씸공부중에 오류메세지때문에 질문을 적었는데 혹시 질문 커뮤니티채널이나 그런게 없을까요? 
이틀째 공부중인데 강좌만 10번들어도 아직 버벅거리고있어서요ㅠ",,0,2년 전,2025-11-26 17:42:28,2025-11-26 17:42:28,
PMTQNEkYNa0,UgwcgvhdntBNXRKPqEV4AaABAg,@그렇구나-x9o,진짜 파이썬 1도 몰랐는데 이해가 넘 잘돼용 좋은강의 감사합니다~!!!!,,1,9개월 전,2025-11-26 17:42:28,2025-11-26 17:42:28,
PMTQNEkYNa0,UgwGYHxq24rRKaqtuq54AaABAg,@JJMTV-j7y,이게 합본이 있었을 줄이야... 하나하나 다 보고 있었네...,,0,1년 전,2025-11-26 17:42:28,2025-11-26 17:42:28,
PMTQNEkYNa0,UgxcHs0PkOWtZcGmsUt4AaABAg,@양갱-w9h,1:11:56,,0,8개월 전,2025-11-26 17:42:28,2025-11-26 17:42:28,
PMTQNEkYNa0,Ugxm4PtWpi8ROv-T77l4AaABAg,@서릐-l1n,python 설치를 누른 후 diable path legth limit이 뜨는데 그냥 무시하고 close를 누르면 되나요?,,0,1년 전,2025-11-26 17:42:28,2025-11-26 17:42:28,
PMTQNEkYNa0,UgxuUqFUy_wLMQfNTJt4AaABAg,@shinhoon12345,맥 쓰는 사람들은 못보겠네요? Pycharm 쓰는 사람도 안되겠네요?,,0,1년 전,2025-11-26 17:42:28,2025-11-26 17:42:28,
PMTQNEkYNa0,UgwrMY5cI4UkSnROXyl4AaABAg,@옆집형-q4d,2**3 하는데 parger error 가 뜨네요..  2**3  두번째 별표가 파란색이네요.,,0,1년 전,2025-11-26 17:42:28,2025-11-26 17:42:28,
PMTQNEkYNa0,UgzU2kqaIaxbi9gHV094AaABAg,@songbird-jy8bw,43:52초쯤에 네임으로 바꾸는 단축키 같은게 있는걸까요?,,0,8개월 전,2025-11-26 17:42:28,2025-11-26 17:42:28,
PMTQNEkYNa0,Ugw1c_DA2LpFES4WGuV4AaABAg,@rrrrrura,선생님! 유튜브를 떠돌며 공부하고 다니다가 인프런 강의 결제 했습니다ㅠㅠ 열씸히 해보겠습니당!,,1,1년 전,2025-11-26 17:42:28,2025-11-26 17:42:28,
PMTQNEkYNa0,UgwgQh0dg9XjACbSd4t4AaABAg,@지삼돌,"영상 설명 중 다른 게 있어요.
03:01:31 randint.(1, 10) 설명에 1 부터 10 미만, 즉 9 까지 출력된다 라고 하셨는데
터미널에 출력되는 거 보면 10 이 노출되고 있어요.
그럼 10 도 포함되는 걸까요?",,0,7개월 전(수정됨),2025-11-26 17:42:28,2025-11-26 17:42:28,
PMTQNEkYNa0,UgwdzEb7duPK5WtvzHh4AaABAg,@권지지-s4g,14:08 에 py 01 하고 탭을 눌러도 아무일도 일어나지 않는건 어떻하나요?,,0,6개월 전,2025-11-26 17:42:28,2025-11-26 17:42:28,
PMTQNEkYNa0,UgwVMzK34wl6XvWcxMh4AaABAg,@전지민-f9r,6:20 정도에서 저장된 파일에서 파일 누르고 파워셀 실행하는 부분에서 파일 버튼이 안보이네요 업데이트가 되서 안보이는걸까요? 어디서 찾을 수 있을 까요?,,0,10개월 전,2025-11-26 17:42:28,2025-11-26 17:42:28,
PMTQNEkYNa0,Ugxpwj_R8XG-bI0laY14AaABAg,@긍정파워-g1p,"41:00 에서 print(""my name is"" + "" "" + ""kimfl"") 에서 + 기호에는 왜 따옴표를 안붙이는 건가요,,??ㅠㅠ
출력할 거에만 따옴표를 붙이는 건가요?",,0,8개월 전(수정됨),2025-11-26 17:42:28,2025-11-26 17:42:28,
PMTQNEkYNa0,UgxrXhbDIlIRhD7vZjx4AaABAg,@a1toppg,파이선 다운 받아서 설치했는데 Vs code의 extension에서 파이선 설치를 또 하는건 왜 인가요? 혹시 vs code에서만 설치해도 되나요?,,0,1년 전,2025-11-26 17:42:28,2025-11-26 17:42:28,
PMTQNEkYNa0,UgxVEkVAC6OdEtLJHyp4AaABAg,@yamyamggood,46:29,,0,4개월 전,2025-11-26 17:42:28,2025-11-26 17:42:28,
PMTQNEkYNa0,Ugzyp3z-5X_M0sKYlP14AaABAg,@박준서-t9y,2:29:56,,0,7개월 전(수정됨),2025-11-26 17:42:28,2025-11-26 17:42:28,
PMTQNEkYNa0,UgxLhFUqcZJ8NosbM4x4AaABAg,@Chann_el-EE,36:46,,0,3개월 전,2025-11-26 17:42:28,2025-11-26 17:42:28,
PMTQNEkYNa0,UgzLuRQlX4avNpGjqIt4AaABAg,@Chann_el-EE,1:28:57,,0,3개월 전,2025-11-26 17:42:28,2025-11-26 17:42:28,
PMTQNEkYNa0,UgxrXhbDIlIRhD7vZjx4AaABAg.A0kowrpjETJA0mesUdEyqQ,@kimfl,vscode에서 설치하는건 파이썬을 편하게 사용하기 위한 확장프로그램입니다.,UgxrXhbDIlIRhD7vZjx4AaABAg,0,1년 전,2025-11-26 17:42:28,2025-11-26 17:42:28,
PMTQNEkYNa0,Ugxpwj_R8XG-bI0laY14AaABAg.AFdoF9k1HixAFh3oxR7mQO,@zettagon,"+는 + 기호 자체를 출력하려는 의도로 사용한 것이 아닌, 말 그대로 더한다는 의도로 +를 사용한 것이기 때문에 따옴표를 붙이지 않습니다.",Ugxpwj_R8XG-bI0laY14AaABAg,0,8개월 전,2025-11-26 17:42:28,2025-11-26 17:42:28,
PMTQNEkYNa0,Ugxpwj_R8XG-bI0laY14AaABAg.AFdoF9k1HixAFirxsbnX7Q,@긍정파워-g1p,@zettagon  아하~! 감사합니다🙇‍♀️,Ugxpwj_R8XG-bI0laY14AaABAg,0,8개월 전,2025-11-26 17:42:28,2025-11-26 17:42:28,
PMTQNEkYNa0,UgwVMzK34wl6XvWcxMh4AaABAg.ADOoX2-RpmzAEMg-KSTiK_,@jamyi9019,왜지 알트 키를 눌러보면 보이지 않을까 싶네요 ㅎㅎ,UgwVMzK34wl6XvWcxMh4AaABAg,0,9개월 전,2025-11-26 17:42:28,2025-11-26 17:42:28,
PMTQNEkYNa0,UgwVMzK34wl6XvWcxMh4AaABAg.ADOoX2-RpmzAJmvptTAuRQ,@임승혁-i6k,저도 이게 안보여서 모르겠네요 ㅠㅠ,UgwVMzK34wl6XvWcxMh4AaABAg,0,5개월 전,2025-11-26 17:42:28,2025-11-26 17:42:28,
PMTQNEkYNa0,UgwdzEb7duPK5WtvzHh4AaABAg.AI0o5BY9c08AJOAQnGn_Uv,@알잡식,저도여 ㅠㅠㅠ,UgwdzEb7duPK5WtvzHh4AaABAg,0,5개월 전,2025-11-26 17:42:28,2025-11-26 17:42:28,
PMTQNEkYNa0,UgwgQh0dg9XjACbSd4t4AaABAg.AGtoeylWRAmAHJ9Nh6X3pe,@FUDUFY34,"random.randrange나 range는 포함범위가 [a,b) 라서 a이상 b미만이 맞지만, randint는 포함범위가 [a,b]라서 a이상 b미만이 맞습니다. 

입력 표기가 같아서 잠시 헷갈리신 것같네요.",UgwgQh0dg9XjACbSd4t4AaABAg,0,7개월 전,2025-11-26 17:42:28,2025-11-26 17:42:28,
PMTQNEkYNa0,Ugw1c_DA2LpFES4WGuV4AaABAg.A2WXAiuuGtbA2WxTnDDrbv,@kimfl,감사합니다 화이팅입니다!,Ugw1c_DA2LpFES4WGuV4AaABAg,0,1년 전,2025-11-26 17:42:28,2025-11-26 17:42:28,
PMTQNEkYNa0,UgzU2kqaIaxbi9gHV094AaABAg.AFXh0OHvKorAFYvHTaviiH,@kimfl,"그냥 복사(Ctrl + c), 붙여넣기(Ctrl + v) 입니다.",UgzU2kqaIaxbi9gHV094AaABAg,1,8개월 전,2025-11-26 17:42:28,2025-11-26 17:42:28,
PMTQNEkYNa0,UgzU2kqaIaxbi9gHV094AaABAg.AFXh0OHvKorAF_yOtrK2YK,@songbird-jy8bw,@kimfl  감사합니다 선생님 ^^,UgzU2kqaIaxbi9gHV094AaABAg,0,8개월 전,2025-11-26 17:42:28,2025-11-26 17:42:28,
PMTQNEkYNa0,UgwrMY5cI4UkSnROXyl4AaABAg.9y48cQMxjma9yATceb6W-j,@kimfl,"제 생각에는 parger error가 아니고 parse error인것 같네요.
코드 전체와 에러메세지 전체를 올려주세요.",UgwrMY5cI4UkSnROXyl4AaABAg,0,1년 전,2025-11-26 17:42:28,2025-11-26 17:42:28,
PMTQNEkYNa0,UgxuUqFUy_wLMQfNTJt4AaABAg.A0mT3zXPmEsA0meTK54ldy,@kimfl,파이썬은 똑같으니까 볼수있습니다.,UgxuUqFUy_wLMQfNTJt4AaABAg,0,1년 전,2025-11-26 17:42:28,2025-11-26 17:42:28,
PMTQNEkYNa0,Ugxm4PtWpi8ROv-T77l4AaABAg.A11LcSzGSuNA11NEEMEgHx,@kimfl,"클릭하면 윈도우 파일 경로 길이가 260자로 제한되어 있는것이 해제됩니다.
해제하고 싶다면 클릭하면 됩니다.",Ugxm4PtWpi8ROv-T77l4AaABAg,0,1년 전,2025-11-26 17:42:28,2025-11-26 17:42:28,
PMTQNEkYNa0,UgxcHs0PkOWtZcGmsUt4AaABAg.AF_vVOm3E1zAFs_iT8dvLd,@양갱-w9h,2:13:24,UgxcHs0PkOWtZcGmsUt4AaABAg,0,8개월 전,2025-11-26 17:42:28,2025-11-26 17:42:28,
PMTQNEkYNa0,UgwGYHxq24rRKaqtuq54AaABAg.A2D128_b9LcA2HQ7VHrpEb,@kimfl,저의 안내가 미흡했군요...,UgwGYHxq24rRKaqtuq54AaABAg,0,1년 전,2025-11-26 17:42:28,2025-11-26 17:42:28,
PMTQNEkYNa0,UgwGYHxq24rRKaqtuq54AaABAg.A2D128_b9LcA2HReu3PTbY,@JJMTV-j7y, @kimfl  아닙니다~ 제가 잘 찾아봤어야죠~아이 캠핑장 잡는 오토 프로그램 만들려고 공부하는거라.... 초급은 다 봤습니다~ 모두 바로 사용할 수는 없겠지만 한 번 도전해보려고 합니다~ 가르쳐 주셔서 감사합니다~,UgwGYHxq24rRKaqtuq54AaABAg,1,1년 전(수정됨),2025-11-26 17:42:28,2025-11-26 17:42:28,
PMTQNEkYNa0,UgwGYHxq24rRKaqtuq54AaABAg.A2D128_b9LcA2HSC03DqUs,@kimfl,감사합니다~!,UgwGYHxq24rRKaqtuq54AaABAg,0,1년 전,2025-11-26 17:42:28,2025-11-26 17:42:28,
PMTQNEkYNa0,UgwcgvhdntBNXRKPqEV4AaABAg.ADl-QfBorREAE-bC7pQbAr,@kimfl,저도 감사합니다 ~,UgwcgvhdntBNXRKPqEV4AaABAg,0,9개월 전,2025-11-26 17:42:28,2025-11-26 17:42:28,
PMTQNEkYNa0,Ugxmp3-bDqtO1OUL9kt4AaABAg.9p6AFx0Z7XL9pBknZrV2Rs,@kimfl,"인프런에는 질문답변 기능이 있기때문에 따로 질문 채널은 만들지않고 있습니다.
그리고 공부하실때는 모든걸 이해하고 넘어가려고 하면 더 힘듭니다. 다음 과정으로 넘어가서 공부하다보면 앞에 모르던게 이해되는 순간이 찾아옵니다.",Ugxmp3-bDqtO1OUL9kt4AaABAg,0,2년 전,2025-11-26 17:42:28,2025-11-26 17:42:28,
PMTQNEkYNa0,Ugyqp87h9PT5w3IL7Fh4AaABAg.9usDrAwhKvi9ut48AEQJoZ,@kimfl,"이렇게까지 칭찬해 주시니 몸 둘 바를 모르겠습니다. 감사합니다!
말씀대로 더 열심히 해보겠습니다!",Ugyqp87h9PT5w3IL7Fh4AaABAg,1,2년 전,2025-11-26 17:42:28,2025-11-26 17:42:28,
PMTQNEkYNa0,UgycRQjEGUXoREg8yr94AaABAg.9onejhZTIA89os4oyYO9OZ,@kimfl,감사합니다~,UgycRQjEGUXoREg8yr94AaABAg,1,2년 전,2025-11-26 17:42:28,2025-11-26 17:42:28,
PMTQNEkYNa0,UgwyCvYmsBM-Ndi0Wat4AaABAg.AA2x32ZQLwcAA7Mf1duj7d,@kimfl,감사합니다.,UgwyCvYmsBM-Ndi0Wat4AaABAg,0,1년 전,2025-11-26 17:42:28,2025-11-26 17:42:28,
PMTQNEkYNa0,UgyPoE-fpvDUmOZzrc94AaABAg.AAtwzWQez8mAB-VVYZOwq3,@kimfl,감사합니다.,UgyPoE-fpvDUmOZzrc94AaABAg,0,1년 전,2025-11-26 17:42:28,2025-11-26 17:42:28,
PMTQNEkYNa0,UgzQ_9HGJxztcVmt6b94AaABAg.ACTiGsF8j9xAC_gIk7Zx94,@kimfl,감사합니다. 응원하겠습니다!,UgzQ_9HGJxztcVmt6b94AaABAg,0,10개월 전,2025-11-26 17:42:28,2025-11-26 17:42:28,
PMTQNEkYNa0,UgyLah76qt7p86-TsPx4AaABAg.9s2v8N4PIpY9s3rk_gFiyc,@kimfl,저도 감사합니다!,UgyLah76qt7p86-TsPx4AaABAg,0,2년 전,2025-11-26 17:42:28,2025-11-26 17:42:28,
PMTQNEkYNa0,UgwdjB3F6I6QUahE_rx4AaABAg.9qsIMezTvjl9qtqPj4aIoi,@kimfl,감사합니다~,UgwdjB3F6I6QUahE_rx4AaABAg,0,2년 전,2025-11-26 17:42:28,2025-11-26 17:42:28,
PMTQNEkYNa0,UgyLqpBZ4bBQ5a3MJFx4AaABAg.AC1nTUByYi-AC2h9F7ZQoA,@kimfl,감사합니다. 파이썬 시험 잘 보세요!,UgyLqpBZ4bBQ5a3MJFx4AaABAg,0,11개월 전,2025-11-26 17:42:28,2025-11-26 17:42:28,
PMTQNEkYNa0,UgzVBQtMLJN7523PX9V4AaABAg.AGo0IUtKxuMAGo2MbMNf63,@kimfl,감사합니다!,UgzVBQtMLJN7523PX9V4AaABAg,0,7개월 전,2025-11-26 17:42:28,2025-11-26 17:42:28,
PMTQNEkYNa0,Ugykdi1NbDXJFzIehWZ4AaABAg.ABzf4_GGCxzAC2hAs1j2Sq,@kimfl,감사합니다,Ugykdi1NbDXJFzIehWZ4AaABAg,0,11개월 전,2025-11-26 17:42:28,2025-11-26 17:42:28,
PMTQNEkYNa0,UgzgKv5ISdf9QLP8mSh4AaABAg.ACNxOk8bZoeACOBphWtIsT,@kimfl,저도 감사합니다 😆,UgzgKv5ISdf9QLP8mSh4AaABAg,0,11개월 전,2025-11-26 17:42:28,2025-11-26 17:42:28,
PMTQNEkYNa0,UgwIcdPFXrEBCwTHCDd4AaABAg.9sW90LWtunQ9sXHiSnSfsw,@kimfl,ㅎㅎ감사합니다~,UgwIcdPFXrEBCwTHCDd4AaABAg,0,2년 전,2025-11-26 17:42:28,2025-11-26 17:42:28,
PMTQNEkYNa0,UgzT8tW-FhVqljoMVWp4AaABAg.AEPB8qe0A2bAEWX_E-PCbC,@kimfl,감사합니다,UgzT8tW-FhVqljoMVWp4AaABAg,1,9개월 전,2025-11-26 17:42:28,2025-11-26 17:42:28,
PMTQNEkYNa0,UgxsgQmoc7vibaT3oCB4AaABAg.9wdWy8fOY9c9wdlWoWrEnP,@kimfl,감사합니다~ㅎㅎ,UgxsgQmoc7vibaT3oCB4AaABAg,0,2년 전,2025-11-26 17:42:28,2025-11-26 17:42:28,
PMTQNEkYNa0,UgyOxdBYjo3U990zmx14AaABAg.9orVWklyi499os4ljQ9yjV,@kimfl,감사합니다^^,UgyOxdBYjo3U990zmx14AaABAg,0,2년 전,2025-11-26 17:42:28,2025-11-26 17:42:28,
PMTQNEkYNa0,Ugxzo8479inACtCoSrB4AaABAg.9oihUkJWaim9oijZIU_QwU,@kimfl,감사합니다~!,Ugxzo8479inACtCoSrB4AaABAg,0,2년 전,2025-11-26 17:42:28,2025-11-26 17:42:28,
PMTQNEkYNa0,UgzNMFYwMyEn-0MkHTF4AaABAg.9uqQiiZZwRR9uroio5Sncw,@kimfl,좋은 말씀 감사합니다~!,UgzNMFYwMyEn-0MkHTF4AaABAg,0,2년 전,2025-11-26 17:42:28,2025-11-26 17:42:28,
