video_id,comment_id,author,content,parent_comment_id,likes,created_time,collection_time,valid_from_time,valid_to_time
3R6vFdb7YI4,Ugz67uSzeamGAPGSaNh4AaABAg,@jocoding,"2022년 버전의 리뉴얼 강의가 업로드 되었습니다!
▶https://youtu.be/KL1MIuBfWe0

점프 투 파이썬과 함께하는 파이썬 라이브 강의 편집본 2강입니다.

(오류 수정)
13:31 b = '12123425125' 에 대해 print(b[::-2]) 결과가 7531 인 것처럼 표시되는데 512311입니다.
19:01 a = ','.join([""a"",""b"",""c""])에 대해 print(a) 결과가 a = ','.join([""a"",""b"",""c""]) 인 것처럼 표시되는데 a,b,c입니다.

라이브 풀버전은 아래 링크에 있습니다~!
2강 라이브 풀버전 : https://youtu.be/1M9EOxQIT7k

편집본 재생목록 : https://www.youtube.com/playlist?list=PLU9-uwewPMe2AX9o9hFgv-nRvOcBdzvP5
풀버전 재생목록 : https://www.youtube.com/playlist?list=PLU9-uwewPMe2L7dC2us_C3LLwDL9vHQIx

책 구매하기 : https://coupa.ng/bDJBfK
(위 링크는 쿠팡 파트너스와 연결된 링크로 구매에 따른 일정액의 수수료를 지급받을 수 있습니다.)
---
이 영상은 이지스퍼블리싱의 협찬을 받아 제작되었습니다.",,18,5년 전(수정됨),2025-11-26 17:43:06,2025-11-26 17:43:06,
3R6vFdb7YI4,UgyjKkrt3CgL2SHbBFl4AaABAg,@nonehate,몰 루.. 하지만 가보자 ..,,0,2일 전,2025-11-26 17:43:06,2025-11-26 17:43:06,
3R6vFdb7YI4,UgxKy3JITztLPHtkvGF4AaABAg,@사이다콜라-e2p,문자열 다루기 편한거 하나만으로도 파이썬은 배우기 충분한 가치가 있는 언어 ㄷㄷㄷ,,21,5년 전,2025-11-26 17:43:06,2025-11-26 17:43:06,
3R6vFdb7YI4,Ugw1VeySJrvApoQacNN4AaABAg,@왕자먹,강의를 보고 느끼는게 우리학교 교수들 얼마나 설명을 못했는지 놀라고 갑니다. ㅎㅎ,,1,3년 전,2025-11-26 17:43:06,2025-11-26 17:43:06,
3R6vFdb7YI4,UgxdPU-9_LO7f2rQ3jJ4AaABAg,@제희-j9k,초등학생인데 설명을 쉽게해주셔셔 좋네요,,1,3년 전,2025-11-26 17:43:06,2025-11-26 17:43:06,
3R6vFdb7YI4,Ugw7ea-zsKYlbh3iG1V4AaABAg,@makesomeflavor,이거 볼려고 점프투 파이선 사고 듣고 있넨요,,1,3년 전,2025-11-26 17:43:06,2025-11-26 17:43:06,
3R6vFdb7YI4,Ugy0Npv2TzC4LaEA58l4AaABAg,@배영숙-k3q,조코딩 처음에 학교대전으로만 들었는데 오늘 이 강의를 보고 나니 새롭게 느겨지네요...,,1,8개월 전,2025-11-26 17:43:06,2025-11-26 17:43:06,
3R6vFdb7YI4,Ugx05R5I8jV2-KMQZE14AaABAg,@jimflower,좋은 강의 감사합니당 히히,,2,3년 전,2025-11-26 17:43:06,2025-11-26 17:43:06,
3R6vFdb7YI4,UgzosmqNNektguASFs54AaABAg,@김영훈-t3b,코딩 공부 할때 이거보고 시작헀습니다. 감사합니다. 처음에 코딩을 어떻게 공부할지 몰라서 막연히 영상을 찾다가 조코딩님의 파이썬 코딩 강의를 찾아 왕초보부터 볼 수 있었습니다. 제 코딩의 첫걸음을 딛게해주셔서 감사합니다.,,0,3년 전,2025-11-26 17:43:06,2025-11-26 17:43:06,
3R6vFdb7YI4,Ugx7fDK1IrMWVSj0hjl4AaABAg,@ISTP-u4x,ㅋㅋㅋㅋ 수호천사 웃기다,,1,4년 전,2025-11-26 17:43:06,2025-11-26 17:43:06,
3R6vFdb7YI4,UgwABAocp64Davh6amd4AaABAg,@로그인-p5v,정말 좋은 교재이고 정말 친절하게 알려 주시는데 말이 너무 빠르고 예제를 확인하기 전에 너무 빨리 넘어가서 저같은 초보는 너무 힘드네요.....,,0,3년 전,2025-11-26 17:43:06,2025-11-26 17:43:06,
3R6vFdb7YI4,Ugy__SbNDRnPns6AcfF4AaABAg,@Haran1324,중1에게는 아직 힘든것 같습니다..,,2,4년 전,2025-11-26 17:43:06,2025-11-26 17:43:06,
3R6vFdb7YI4,Ugwqzo_ZXqmO0yjRQ-p4AaABAg,@choko9674,리스트 값 수정하기는 야바위 게임 만들기 할 때 쓸수 있겠네요~,,1,4년 전,2025-11-26 17:43:06,2025-11-26 17:43:06,
3R6vFdb7YI4,UgxoAGWQWgXrnmnZn_h4AaABAg,@eunyoungjang8027,좋은 강의 너무 감사합니다!,,0,3년 전,2025-11-26 17:43:06,2025-11-26 17:43:06,
3R6vFdb7YI4,UgyPgUpKNsreAKfpj7F4AaABAg,@Wksgus,"파이선 입문자인데 교재랑 같이 보니 이해가 잘되내요
감사합니다~~!!!!!!!!",,2,4년 전,2025-11-26 17:43:06,2025-11-26 17:43:06,
3R6vFdb7YI4,UgwF_Zt-8JVapVIaiG94AaABAg,@deius2,감사합니다 선생님께서 제 동아리 부장 인생을 살리셨습니다,,6,4년 전,2025-11-26 17:43:06,2025-11-26 17:43:06,
3R6vFdb7YI4,UgxMWiA2pwY5gF656UJ4AaABAg,@YYH418,학원에서는 설명을 엄청길게 하던데 여기는 중요한 부분만 요약되서 좋네요 ㅎㅎ,,3,4년 전(수정됨),2025-11-26 17:43:06,2025-11-26 17:43:06,
3R6vFdb7YI4,UgzVqF5WE0O21-qBnNF4AaABAg,@grond693,좋네요,,1,4년 전,2025-11-26 17:43:06,2025-11-26 17:43:06,
3R6vFdb7YI4,Ugx9zF5gvg-2vizhJqF4AaABAg,@독고다이-d5s,1+1 은 귀요미지,,1,4년 전,2025-11-26 17:43:06,2025-11-26 17:43:06,
3R6vFdb7YI4,UgzTt__vXl3QUI6hhyh4AaABAg,@joekim413,아주 감사합니다.,,1,4년 전,2025-11-26 17:43:06,2025-11-26 17:43:06,
3R6vFdb7YI4,UgxTRaxiJpNqPXC7QIN4AaABAg,@danieloh6325,5.12 2일차 완료,,1,4년 전(수정됨),2025-11-26 17:43:06,2025-11-26 17:43:06,
3R6vFdb7YI4,UgyWHbf9duXx3zbZHnx4AaABAg,@tyk0369,한번정도 정리해서 이런게 있었지라는 느낌을 줘도 괜찮을것 같네,,1,4년 전,2025-11-26 17:43:06,2025-11-26 17:43:06,
3R6vFdb7YI4,UgxMYzpBbrwnJ-wMCKN4AaABAg,@적절한거리유지,와,,1,4년 전,2025-11-26 17:43:06,2025-11-26 17:43:06,
3R6vFdb7YI4,Ugxu-O3Pf-Go6lx1K9V4AaABAg,@lililill3577,"좋은 강의 감사합니다!! c언어를 다 하고 파이썬도 한번 배워보려고 하는데 직접 함수를 짜서 처리해야했던 부분이 cound,find로 쉽게 처리 할 수 있군요!! 이 강의보고 파이썬도 마스터 해보겠습니다!!",,3,4년 전,2025-11-26 17:43:06,2025-11-26 17:43:06,
3R6vFdb7YI4,UgyJw-WxGtBrnlZphnF4AaABAg,@현지현지-p4t,"조코딩님 ~ 너무 감사합니다 🙏🏻💕
코딩에 대해 알게되어서 너무 감사합니다",,1,4년 전,2025-11-26 17:43:06,2025-11-26 17:43:06,
3R6vFdb7YI4,UgyCEL1LrCVQgOzACaF4AaABAg,@phs30094246,말이 진짜 빨라요,,0,3개월 전,2025-11-26 17:43:06,2025-11-26 17:43:06,
3R6vFdb7YI4,Ugw4r87v6iNosjbbhLR4AaABAg,@김연주-n4j,25:45 총정리,,1,4년 전,2025-11-26 17:43:06,2025-11-26 17:43:06,
3R6vFdb7YI4,UgwTW3Gl2mP0H9ax2KF4AaABAg,@moonkyujang2431,어려워!!!😅🙄🤨,,3,4년 전,2025-11-26 17:43:06,2025-11-26 17:43:06,
3R6vFdb7YI4,UgzdeYbRz_ZfP1CV-NJ4AaABAg,@실명안알랴줌,감사합니다,,1,4년 전,2025-11-26 17:43:06,2025-11-26 17:43:06,
3R6vFdb7YI4,UgzrXxj-L4JXbQ7yF754AaABAg,@js5511,최고!,,0,4년 전,2025-11-26 17:43:06,2025-11-26 17:43:06,
3R6vFdb7YI4,UgwUcaxPwIa0o0JQAip4AaABAg,@공돌이지망생-f6q,샐행버튼은 생겼는데 code language not supported or define 이라고뜨네요 어떻게 해야할까요...,,2,4년 전,2025-11-26 17:43:06,2025-11-26 17:43:06,
3R6vFdb7YI4,UgziODL9gl1Nnf15FFd4AaABAg,@BanBakSiNaeGaMatEum,"16:52 ~ 22:00 : 자료형 메소드 함수
23:30 리스트 메소드 함수

외울게 아니라 이런게 있다 정도만 알고 나중에 필요할 때 구글링해서 쓰면 유용한 것들
강의 다 보고 와서 부수적으로 보자",,2,4년 전(수정됨),2025-11-26 17:43:06,2025-11-26 17:43:06,
3R6vFdb7YI4,Ugws9IsaWWi71ziszIR4AaABAg,@charleslee8513,4/9 1강 학습 완료,,1,4년 전,2025-11-26 17:43:06,2025-11-26 17:43:06,
3R6vFdb7YI4,UgzmeFxWT3Ni0fdZkUF4AaABAg,@와플-i9h,집에 점프 투 파이썬 책이 있긴 한데 책만 봐서는 뭐가 뭔지 몰라서 우연히 조코딩님 영상을 보게 됬는데 정말 설명을 잘 해주시더라구요 ㅠㅠ 조코딩님 덕분에 하고 싶은데 못 했던 코딩 시작하게 되었습니다! 감사합니당,,0,4년 전,2025-11-26 17:43:06,2025-11-26 17:43:06,
3R6vFdb7YI4,Ugx3G17xBpY7H8W3I5t4AaABAg,@HGtiger,책갈피 13:37,,1,4년 전,2025-11-26 17:43:06,2025-11-26 17:43:06,
3R6vFdb7YI4,UgyQ6Ye2kLz6Em6EASp4AaABAg,@빈채-f9g,A=A+1 을 집합할때 속한다 기호 (삼지창 기호)로 생각하면 편할듯 합니다.,,1,4년 전,2025-11-26 17:43:06,2025-11-26 17:43:06,
3R6vFdb7YI4,UgxQMRtdju18d0iEW2x4AaABAg,@YYH418,2021 4/14 기초 1편 완강 !,,2,4년 전,2025-11-26 17:43:06,2025-11-26 17:43:06,
3R6vFdb7YI4,UgzrZXRv3o4ejhN0rzx4AaABAg,@김서현-w6j,5:00,,1,3년 전,2025-11-26 17:43:06,2025-11-26 17:43:06,
3R6vFdb7YI4,Ugwin5uuo1XvY0Dc2Tl4AaABAg,@d7197,11:36 책갈피,,1,4년 전(수정됨),2025-11-26 17:43:06,2025-11-26 17:43:06,
3R6vFdb7YI4,UgzO9JohGgWmkQGqZIp4AaABAg,@TOXIC-so9nc,사랑해요,,0,4년 전,2025-11-26 17:43:06,2025-11-26 17:43:06,
3R6vFdb7YI4,UgwSVanbVo30IImGgd94AaABAg,@NoName-qz3tz,정말 좋은 강의네요&₩@,,1,4년 전,2025-11-26 17:43:06,2025-11-26 17:43:06,
3R6vFdb7YI4,UgzjdKUIHWRDkqD3kYp4AaABAg,@송재민-s6s,14:55 문자열 쉽게 입력,,1,4년 전,2025-11-26 17:43:06,2025-11-26 17:43:06,
3R6vFdb7YI4,UgzIWwZY6jPbWhAYQgl4AaABAg,@이정윤-j3o,9:02 책갈피,,1,4년 전,2025-11-26 17:43:06,2025-11-26 17:43:06,
3R6vFdb7YI4,Ugwef0bA010HvmSInvh4AaABAg,@berhana1362,15:39 ㅇㄷ,,1,4년 전,2025-11-26 17:43:06,2025-11-26 17:43:06,
3R6vFdb7YI4,Ugzh1LUeDQ8mm_Evw4J4AaABAg,@rmteltmtmnc,25:37 요약,,0,4년 전,2025-11-26 17:43:06,2025-11-26 17:43:06,
3R6vFdb7YI4,UgwiDKW6GrvfNfaVPSN4AaABAg,@quotient2801,"22:07 영상에 설명되진 않았지만 a[-1] 굉장히 편리해 보이네요.
리스트의 개수와 상관없이 맨 마지막 값을 불러오니까...",,1,4년 전,2025-11-26 17:43:06,2025-11-26 17:43:06,
3R6vFdb7YI4,UgysjX3IZR3QvPPqGE14AaABAg,@backsansu1,조코딩님 터미널에 2:python라고 되여있는데 전 1:python 이라고 되있어요. 괜찬나요?,,1,4년 전,2025-11-26 17:43:06,2025-11-26 17:43:06,
3R6vFdb7YI4,Ugy24tGFUy8Y0lpdZQl4AaABAg,@eunyoungjang8027,안녕하세요! 강의 잘 들었습니다. 혹시 맨 마지막에 알려주신 리스트에서… Remove 나 delete 함수는 하나의 변수만 지울 수 있나요?,,0,3년 전(수정됨),2025-11-26 17:43:06,2025-11-26 17:43:06,
3R6vFdb7YI4,UgxEeievcaUdXc2ug-t4AaABAg,@altarimu9632,16:11 10칸의 공백이 생기는게 아니라 넣으려는 문자포함 10칸이 생기는거 아닌가요,,0,4년 전,2025-11-26 17:43:06,2025-11-26 17:43:06,
3R6vFdb7YI4,UgyTSkc0f4TCIZSrCOZ4AaABAg,@miha8-4-8,안녕하세요  저는 중1인데  러시아에서 사는데 이 조코딩님 영상 보면서 너무 친절하시구 잘 알으켜주셔서  감사인사 드립니다 !!!!!!(제가 위국에 살아서 틀리게 쓰면 죄송합니다),,6,5년 전,2025-11-26 17:43:06,2025-11-26 17:43:06,
3R6vFdb7YI4,UgzQs6FT2PZmyuiX1uZ4AaABAg,@리-g9c,중요한 부분 10:37,,0,3년 전,2025-11-26 17:43:06,2025-11-26 17:43:06,
3R6vFdb7YI4,Ugwig8lLFyBYEOQa55N4AaABAg,@jianpark9789,이게 조코딩의 클라스!!!,,4,4년 전,2025-11-26 17:43:06,2025-11-26 17:43:06,
3R6vFdb7YI4,Ugw3ljpEwIklqA-AAFB4AaABAg,@마운틴듀-j2k,c언어 1차원 배열 연습하다가 파이썬 보니까 눈물이 다 나올 거 같아요 왤케 편하지 파이썬...? 조코딩님 영상으로 파이썬 배우는 거 너무 재밌어요 이해하기도 쉽고요!,,3,4년 전,2025-11-26 17:43:06,2025-11-26 17:43:06,
3R6vFdb7YI4,UgzreP1i0v3dVGKg3QR4AaABAg,@williamshakespeare5626,정보 학교수업 3시간보다 조커딩 28분이 100배 낫다는걸 새삼 깨닫네요...감사합니다!,,4,4년 전,2025-11-26 17:43:06,2025-11-26 17:43:06,
3R6vFdb7YI4,UgwxMgPkkol-P4QAWvl4AaABAg,@codezero3892,25:07,,2,4년 전,2025-11-26 17:43:06,2025-11-26 17:43:06,
3R6vFdb7YI4,Ugzeaho6o8masYvrakN4AaABAg,@연소희-x3t,"조코딩님 좋은강의 감사합니다.
너무 귀에 잘들어오고 기억이잘되서좋아요~~",,1,4년 전,2025-11-26 17:43:06,2025-11-26 17:43:06,
3R6vFdb7YI4,Ugz35Vko4KRny9gohwp4AaABAg,@암어퀸-l6p,13:45,,1,4년 전,2025-11-26 17:43:06,2025-11-26 17:43:06,
3R6vFdb7YI4,Ugzrb8bJbVG0OsohoDd4AaABAg,@시냅스-b1y,야자끝나고 밤에 하나씩 보고있는데 이해는 잘되지만 외우기가 힘드네요.. 노력해보겠습니다,,1,4년 전,2025-11-26 17:43:06,2025-11-26 17:43:06,
3R6vFdb7YI4,UgyP2sdIKQ-11Ap2CMV4AaABAg,@EdTech36.5,너무 친절하게 설명을 잘해주셔서 도움이 많이 되요!!  감사합니다!!,,4,5년 전,2025-11-26 17:43:06,2025-11-26 17:43:06,
3R6vFdb7YI4,UgxkUEZmGVp5yhs0hdt4AaABAg,@원도연-p6j,코딩도장 책을 사고 이영상을 보니 제 3마눤이 증발했습니다. 제 책값을 이 강의에 돌립니다,,1,4년 전,2025-11-26 17:43:06,2025-11-26 17:43:06,
3R6vFdb7YI4,Ugxvk1Rbt-OwkuTKdp94AaABAg,@김동명-b2m,책갈피 25:13,,1,4년 전,2025-11-26 17:43:06,2025-11-26 17:43:06,
3R6vFdb7YI4,UgxfygV6QF9Oosxhr214AaABAg,@수민-i1o,혹시 실행버튼 단축키는 없나요..? 할때마다 버튼누르려니 힘드네요ㅠ,,0,4년 전,2025-11-26 17:43:06,2025-11-26 17:43:06,
3R6vFdb7YI4,UgycbIjHBSAGw7wK3cR4AaABAg,@기본-x6z,2강 나올때까지 기다렸습니다! 28분 짜린데... 자막 하나하나 편집을 하셨다니.. ㄷㄷ 오래걸릴만 했군요..! 쨋든 잘보고 갑니다~!,,3,5년 전,2025-11-26 17:43:06,2025-11-26 17:43:06,
3R6vFdb7YI4,UgzKayP5xPIoF_1_Kbh4AaABAg,@hapoom-0,9:30,,0,1년 전,2025-11-26 17:43:06,2025-11-26 17:43:06,
3R6vFdb7YI4,Ugxip9hTnoRMbrx9izF4AaABAg,@제이슨-l3n,10:36,,1,5년 전,2025-11-26 17:43:06,2025-11-26 17:43:06,
3R6vFdb7YI4,UgxgKeVpruveX-Yn-lZ4AaABAg,@김민규-l1n3f,기초적인 것부터 알려주셔서 이해하기 너무 좋아용 감사합니다!,,1,4년 전,2025-11-26 17:43:06,2025-11-26 17:43:06,
3R6vFdb7YI4,UgwjSY7Zf-HA8NfbxT54AaABAg,@user-ev2vk8pm5m,"40넘어 뒤늦게 배우는 파이썬이 어렵게 느껴지지만 조코딩님 덕에 열심히 하고는 있습니다.^^
질문이요~! 27:29부분 “리스트에서 연속된 범위의 값 수정하기” 좀 이해가 안되는데 마지막 결과값이 굵은 자막 때문에 안보여서요.. 그부분 좀 알려주세요~ [  ?????  ]",,0,4년 전,2025-11-26 17:43:06,2025-11-26 17:43:06,
3R6vFdb7YI4,UgxQle8St1d-2dsyG0J4AaABAg,@Moon_Ko,좋은 강의들 감사합니다,,2,5년 전,2025-11-26 17:43:06,2025-11-26 17:43:06,
3R6vFdb7YI4,UgyKZ18QCqbqa9SUd-d4AaABAg,@융듀릅,실행버튼 단축키는 무엇인가요?,,0,4년 전,2025-11-26 17:43:06,2025-11-26 17:43:06,
3R6vFdb7YI4,UgzkKbZshm7ZJmzxt3p4AaABAg,@잠꾸러기-m4w,"우와ㄷㄷ 충격이다ㄷㄷㄷ













































오늘도






























코딩 광고가 뜨다니ㄷㄷ",,1,5년 전,2025-11-26 17:43:06,2025-11-26 17:43:06,
3R6vFdb7YI4,UgxLuhfIGNpDuN_7HMB4AaABAg,@적실,하루에 한번씩 조코딩 영상 보고 공부하고 다른 영상 강의 갔다 나머지 기본지식 어느정도 읽혀듣고 파이썬 강의 보러 왔습니다. 유익한 수업 열심히 잘 들을께요 !,,2,5년 전,2025-11-26 17:43:06,2025-11-26 17:43:06,
3R6vFdb7YI4,UgxFDiGCAdD4wtQj5UN4AaABAg,@gohomefire,"엑셀에서도 나오는 upper와 lower 함수가 있군요 :) 
19:36  오늘의 핵심 : 그냥 이런게 있었지 라는 다채로운 느낌을 가져갑니다 ~ ㅎ",,2,4년 전,2025-11-26 17:43:06,2025-11-26 17:43:06,
3R6vFdb7YI4,Ugx7gMBdog3EhCRVFwB4AaABAg,@Lee렐루,"number = 10
day = 3
k = 'i ate %d apple. so i was sick of %s days.' %(number, day)
print(type(k[6:8]))
print(k)

14:22
여기서 10이나 3 할때 %s 나 %d 모두 되서 혹시 프린트하면 문자랑 숫자 구분되나 성분 찍었는데 모두 문자로 나옵니다 이 상황에서 d/s 차이가 있을까요???",,1,3년 전,2025-11-26 17:43:06,2025-11-26 17:43:06,
3R6vFdb7YI4,UgzcJ7kypUEcXnAeXXJ4AaABAg,@잘나가는앵무새,파이썬으로 웹이 가능하다는 것은 프론트도 가능하다는 뜻인가용?,,0,4년 전(수정됨),2025-11-26 17:43:06,2025-11-26 17:43:06,
3R6vFdb7YI4,UgzJ6Bl-uuBpc21mHkR4AaABAg,@passecompose7484,c언어만 배우다 이거 보니까 너무 충격적이네.. c에선 문자열 붙이려면 strcat써야 되는데 다행히 헤더파일에 정의돼있지만 직접 만들어보니까 그렇게 끔찍하더라.. 파이썬에서는 수식 하나로 땡이고,,0,4년 전,2025-11-26 17:43:06,2025-11-26 17:43:06,
3R6vFdb7YI4,Ugx-Bx5-ZX8DhKV4d614AaABAg,@조미선-q3r,"26:34 ""%10s"" %""hi"" 이렇게 하면 hi 빼고 공백10개가 생기는게 아니라 hi포함해서 칸10개가 생기는거 같은데 맞나요?",,0,3년 전,2025-11-26 17:43:06,2025-11-26 17:43:06,
3R6vFdb7YI4,UgwBTShxgLDwL6ZbCE94AaABAg,@이이잉-w2d,혼자서 책보고 하려니까 어려웠는데 친절하게 잘 알려주셔서 생각보다 쉽네요.. 감사합니다!,,0,4년 전,2025-11-26 17:43:06,2025-11-26 17:43:06,
3R6vFdb7YI4,UgxQFJRcuMI2l1sb1994AaABAg,@오정민-h8g,실행이 되다가 안되는건 왜그런가요??,,0,4년 전,2025-11-26 17:43:06,2025-11-26 17:43:06,
3R6vFdb7YI4,UgzgklH2VtvfQEWtTZF4AaABAg,@낭낭또용,조코딩님 강의가 제일 재밌고 이해하기 쉬워요 다른거는 너무 어려워요 조코딩님한테 배우래요ㅠ,,0,4년 전,2025-11-26 17:43:06,2025-11-26 17:43:06,
3R6vFdb7YI4,UgzHyon0CF2-vXB-m0Z4AaABAg,@o7oggg,좋은 강의 감사합니다^^,,1,4년 전,2025-11-26 17:43:06,2025-11-26 17:43:06,
3R6vFdb7YI4,Ugyo39uDyscNmRjfaBJ4AaABAg,@수호천사-e7e,저는  영어은 하나도 몰라요 그래서 못할거같네요  지송,,2,3년 전,2025-11-26 17:43:06,2025-11-26 17:43:06,
3R6vFdb7YI4,UgxhCWFHs9M8f9jhN0R4AaABAg,@PeekaSammyBOO,"Wrong answer 13:26 print (b[::-2])   it should be  512311, not 7531",,0,3년 전,2025-11-26 17:43:06,2025-11-26 17:43:06,
3R6vFdb7YI4,UgyTbpE0UhYhUcUCBu94AaABAg,@user-xt8bc5rj4c,".pop 변수를 써서 배열에서 쫒겨나면 예를들어 1, 3, 5가 있다고 가정했을 때 숫자1만 쫒겨나면 나중에 불러올 때 배열에 남은것만 출력되나요?",,0,1년 전,2025-11-26 17:43:06,2025-11-26 17:43:06,
3R6vFdb7YI4,UgxLL0YEcM4JA3Sh6KV4AaABAg,@수호천사-e7e,영어 모르면  못할거같네요,,2,3년 전,2025-11-26 17:43:06,2025-11-26 17:43:06,
3R6vFdb7YI4,UgzThSMCx4HWlSX_kuN4AaABAg,@Gretch-6k2,안녕하세요 아델른입니다,,2,5년 전,2025-11-26 17:43:06,2025-11-26 17:43:06,
3R6vFdb7YI4,UgyVbCVk86sqUjuJqFx4AaABAg,@최만종-n4i,PPT자료는 받을 수 없나요?ㅠㅠ,,0,4년 전,2025-11-26 17:43:06,2025-11-26 17:43:06,
3R6vFdb7YI4,UgxxrfvEcOeqV_6QmQJ4AaABAg,@bravebrave785,투자업체 고민중이였는데 CLS투자그룹 덕분에 첫투자부터 대성공했어요,,0,4년 전,2025-11-26 17:43:06,2025-11-26 17:43:06,
3R6vFdb7YI4,UgwCxMwbFiiyPR5NlHJ4AaABAg,@마루치-u6x,항상 좋은 강의 감사합니다~,,1,5년 전,2025-11-26 17:43:06,2025-11-26 17:43:06,
3R6vFdb7YI4,UgzsznfGRqfPzAus3Vd4AaABAg,@ummni875,명령어 같은거?외우며 해야하는것도 어느정도 있는것 같았는데 보니까 또 해가면서 익히는게 될것 같기두하고..아리송합니다ㅋㅋ,,1,4년 전,2025-11-26 17:43:06,2025-11-26 17:43:06,
3R6vFdb7YI4,Ugw0pFyK_M0Ueq7CRox4AaABAg,@oklu_,정말 감사합니다!!! 잘 들었습니다 :),,1,4년 전(수정됨),2025-11-26 17:43:06,2025-11-26 17:43:06,
3R6vFdb7YI4,UgzKf7WoVzSp-0UyFmV4AaABAg,@김승현-b3e4n,자주자주 많이 보고싶지만 일주일에 한편밖에 못 본다는 게 슬프네요ㅠㅠ,,2,5년 전,2025-11-26 17:43:06,2025-11-26 17:43:06,
3R6vFdb7YI4,UgwvKSF1uu20ETF-aOV4AaABAg,@1000ylovers,"자료형 , 리스트, 상수,  따옴표, 실수, 문자열의 자료형",,0,4년 전,2025-11-26 17:43:06,2025-11-26 17:43:06,
3R6vFdb7YI4,UgwemXbEKgEp0IJk_M94AaABAg,@관악요정,"선생님 교재랑 영상보면서 공부중인데 밑에 왜저렇게 나오는건가요?
print(""%0.1f"" % 3.123456)  일 경우 3.1 로 소숫점 첫째까지 나오는데 이게 0.1  0.2   0.3  까지 잘 나오다가 0.4를 집어넣으니 3.1234 가 아니라 3.1235가 나오고 0.5를 집어넣으니 3.12346이 나오더니 0.6을 집어넣으니 또 3.123456으로 잘나오네요",,0,3년 전,2025-11-26 17:43:06,2025-11-26 17:43:06,
3R6vFdb7YI4,UgxyeXJm7mEywLNfYnh4AaABAg,@한재윤-x9f,감사합니다.,,1,5년 전,2025-11-26 17:43:06,2025-11-26 17:43:06,
3R6vFdb7YI4,Ugxm4-IzbrkqinXz-Nt4AaABAg,@김예림-e1o,"파이썬 파일을 만들고 run python file in terminal을 누르면 자꾸 &는 예상되지 않습니다 이렇게 떠요 ㅜㅜ 조코딩님이랑 다르게 저는 폴더 옆에 '&'가 뜨고, 정확하게는  C:\yecoding>& C:/python/python383/python.exe c:/yecoding/hello2.py  이렇게 뜨거든요... 해결할 방법이 없을까요? 수동으로 일일이 &를 지워가면서 해야되는데 참 번거롭네요. 재생버튼을 눌러도 &가 안나오게 하고 싶어요",,0,4년 전(수정됨),2025-11-26 17:43:06,2025-11-26 17:43:06,
3R6vFdb7YI4,UgwyddUFPjVCE0w3ta14AaABAg,@양지은-y7u,잘 들었습니다 감사합니다~,,1,5년 전,2025-11-26 17:43:06,2025-11-26 17:43:06,
3R6vFdb7YI4,UgzPsQPUW7_Rsk6W-wJ4AaABAg,@REMIX-mw6us,주식으로 손해 많이봤었는데 CLS투자그룹 정보받고 거의다 복구했네요 다행이다,,0,4년 전,2025-11-26 17:43:06,2025-11-26 17:43:06,
3R6vFdb7YI4,Ugw6_ghnHtnupVCvZFJ4AaABAg,@moonriver7581,"7/28일 1차 수강 , 좋은 영상 감사합니다",,0,4년 전,2025-11-26 17:43:06,2025-11-26 17:43:06,
3R6vFdb7YI4,Ugxf0fUuwE2v1e3eIVZ4AaABAg,@candassavas3383,주식하다가 돈절반 날리고 힘들었는데  CLS투자그룹에서 원금복구에 오피스텔 계약까지 해버렸네요,,0,4년 전,2025-11-26 17:43:06,2025-11-26 17:43:06,
3R6vFdb7YI4,UgwMtML9rAgpfaKqImB4AaABAg,@danieloh6325,5.11 1일차 13:18,,1,4년 전,2025-11-26 17:43:06,2025-11-26 17:43:06,
3R6vFdb7YI4,Ugy6JU5AjSO-SotZ77F4AaABAg,@팽12345,18:58 무엇을 설명하려는지 모르겠어요 ㅠ 저렇게 입력하면 뭐가 나온다는거져? 그대로 나오는것같이 보이는데 ㅠㅠㅠ,,10,5년 전,2025-11-26 17:43:06,2025-11-26 17:43:06,
3R6vFdb7YI4,Ugy0vpTdIDicTO1QxwV4AaABAg,@suhongpark3462,"동영상 하나당 2~3 군데 옥의 티 같이 영상에서 강조표시 된 부분과 조코딩님이 설명하시는것과 다른 곳이 보여요.편집 자체도 너무 좋고 강의도 정말 좋은데 초보자 대상 강의여서 이런 실수가 조금은 악영향이 있지 않을까해서 댓글 남겨요.
이 동영상에서 생각나는 부분 2군데 적어보자면 이런게 있었습니다.
13:31 b = '12123425125' 에 대해 print(b[::-2]) 결과가 7531 인 것처럼 표시
19:01 a = ','.join([""a"",""b"",""c""])에 대해 print(a) 결과가 a = ','.join([""a"",""b"",""c""]) 인 것처럼 표시",,9,4년 전,2025-11-26 17:43:06,2025-11-26 17:43:06,
3R6vFdb7YI4,Ugw2CtOnC-YCbMrvBG54AaABAg,@js.toyworld888,설명진짜빠르네요 뭘알려주려는건지;;,,1,4년 전,2025-11-26 17:43:06,2025-11-26 17:43:06,
3R6vFdb7YI4,UgyGbkM3MDrc8jnf9fp4AaABAg,@user-qv8cg2rs4c,"ㅠ 2년 가르쳐주신 전공 교수님 보다 낫습니다,,,,,,,,",,1,5년 전,2025-11-26 17:43:06,2025-11-26 17:43:06,
3R6vFdb7YI4,UgwgDsLMFyI0zgfMSZl4AaABAg,@박정우-u1v6p,안녕하세요,,2,5년 전,2025-11-26 17:43:06,2025-11-26 17:43:06,
3R6vFdb7YI4,UgxRbk6Y9_I40fI7fdp4AaABAg,@박정우-u1v6p,오,,2,5년 전,2025-11-26 17:43:06,2025-11-26 17:43:06,
3R6vFdb7YI4,UgxkKRngU9ikSas3Es54AaABAg,@youtubehandle2,저는 중1입니다 조코딩님 강의를 우연히 보게 되었고 오늘부터 시작하려합니다 해킹에 관심을 가진지는 1년이 넘었는데 정작 배운건 없습니다 그동안 프로그래밍 언어를 이것저것 보면서 강의도 들었는데 포기도 엄청 했습니다 이번엔 포기를 절대 안하고 끝까지 악으로 버티며 조금씩 하려고 합니다 감사합니다~^^,,1,5년 전,2025-11-26 17:43:06,2025-11-26 17:43:06,
3R6vFdb7YI4,UgwhZ6EJFRzCtfIhlMB4AaABAg,@박준수-h1h,"앗.. 조코딩님 13:32 에 편집이 잘못되었어요 !
b='12123425125'
print(b[::-2])
결과값: 512311
로 나와야하는데 그 다음 결과값인 7531로 편집이 되어있습니다 !",,6,5년 전,2025-11-26 17:43:06,2025-11-26 17:43:06,
3R6vFdb7YI4,UgwEGsK5TMDlWDP7zlp4AaABAg,@CJM-r9b,"와 28분짜리인데 멈춰듣고 멈춰듣고하다보니까 4시간들었네요,, 전 파이썬에 재능이없나봐요",,1,4년 전,2025-11-26 17:43:06,2025-11-26 17:43:06,
3R6vFdb7YI4,UgzqB5bCbxr8axJW_Gh4AaABAg,@freedamu,오 편집본이닷,,1,5년 전,2025-11-26 17:43:06,2025-11-26 17:43:06,
3R6vFdb7YI4,UgxgTpA-uT6w__Dj_oR4AaABAg,@이호영-n7t,와 머리 쥐나네요,,1,5년 전,2025-11-26 17:43:06,2025-11-26 17:43:06,
3R6vFdb7YI4,UgyDkajMkVbxQh9z5yx4AaABAg,@경상국립대학교,"여기서 내가 나온다! 다음에 후원해서 나오게 해야겠다ㅏㅏㅏㅏ
후원했는데 안나온다 ㅠㅠ",,2,5년 전(수정됨),2025-11-26 17:43:06,2025-11-26 17:43:06,
3R6vFdb7YI4,Ugy-jBQVDbH74n2bs1Z4AaABAg,@moonsujung2349,뭐가 그리급하신지.......말씀하시는게 너무빠르네요~,,0,4년 전,2025-11-26 17:43:06,2025-11-26 17:43:06,
3R6vFdb7YI4,UgzW9arMxaGonA68n0h4AaABAg,@CodingOn,"파이썬을 처음 배우는 분들께 정말 좋은 강의네요! 
인덱싱이나 슬라이싱에 대해 어려워하는 경우가 많은데 쉽게 설명해주셔서 좋네요ㅎㅎ 많이 복습해보면 될 것 같습니다.",,3,4년 전,2025-11-26 17:43:06,2025-11-26 17:43:06,
3R6vFdb7YI4,UgwTVfgnK36hJ-wd0lZ4AaABAg,@smjo15-b4x,"a=6
b=6
""i eat %s apple and i eat %s banana."" %(a,b)",,0,4년 전,2025-11-26 17:43:06,2025-11-26 17:43:06,
3R6vFdb7YI4,UgzasYop4edeer136G14AaABAg,@ejy8093,편집본이라 그런지 너무 빨라서 따라가기 힘들당..,,3,5년 전,2025-11-26 17:43:06,2025-11-26 17:43:06,
3R6vFdb7YI4,UgxAnpcliwbroyrkIv94AaABAg,@권형준-k9z,"조코딩님 감사합니다. 
저번 질문 감사합니다. 
비전공자이고 이제 IT쪽으로 준비하려는 단계인데 미리 공부하려고 준비하고 있는데 정말 좋은 영상 감사드립니다.
앞으로도 잘 부탁드리겠습니다..!",,1,4년 전,2025-11-26 17:43:06,2025-11-26 17:43:06,
3R6vFdb7YI4,Ugyy3-WM7ZQJtpBJnRN4AaABAg,@irresistible4222,"처음이라서 그런지 어렵네요 ,,,",,1,4년 전,2025-11-26 17:43:06,2025-11-26 17:43:06,
3R6vFdb7YI4,UgwyhfisbTmbQjgE0lV4AaABAg,@Yangyoonjoon,편집 정말 깔끔하네요,,2,5년 전,2025-11-26 17:43:06,2025-11-26 17:43:06,
3R6vFdb7YI4,UgzqcnAj0R-HjrW-OPZ4AaABAg,@salking0224,"피피티에서 님의 이름이 공개가...
되었네요...?",,1,4년 전,2025-11-26 17:43:06,2025-11-26 17:43:06,
3R6vFdb7YI4,UgyICITjV0oPx7laHKd4AaABAg,@최민준-j2w,"terminal 에서 WARNING: The scripts isort-identify-imports.exe and isort.exe are installed in 'C:\Users\CEO\AppData\Roaming\Python\Python39\Scripts' which is not on PATH.
  Consider adding this directory to PATH or, if you prefer 
to suppress this warning, use --no-warn-script-location.   
  WARNING: The scripts epylint.exe, pylint.exe, pyreverse.exe and symilar.exe .exe \Users\CEO\AppData\Roaming\Python\Python39\Scripts' which is not on PATH.
are installed in 'C:\Users\CEO\AppData\Roaming\Python\Python39\Scripts' wis wahich -script-location.
is not on PATH.
  Consider adding this directory to PATH or, if you prefer to suppress this was 'int'>are using pip version 20.2.3; however, versionPS C:\CODING> & ""C:
rning, use --no-warn-script-location. 이런식으로 뜨고 밑에 또 warning 이런 문구가 뜨는데 어떻게 고치나요? 조코딩님 영상에서는 없는데 ㅠㅠ 너무 도움을 받고 싶습니다.",,0,4년 전,2025-11-26 17:43:06,2025-11-26 17:43:06,
3R6vFdb7YI4,UgzucRr2paiEpf-KRCx4AaABAg,@hl2lmm,안녕하세요 사용하는 교재를 문의 합니다,,2,5년 전,2025-11-26 17:43:06,2025-11-26 17:43:06,
3R6vFdb7YI4,UgxgdHvtFWyBQawcsGF4AaABAg,@이다옴이,"안녕하세요 조코딩님
사업을 운영하며, 앱 개발에 필요성을 느껴 유튜브에서 찾아보다가 조코딩님의 영상 전부를 하루만에 다 봐버렸네요...ㅎㅎ
비전공자 완전 초보지만 영상에서 조코딩님의 일화, 이두희 대표님의 일화를 보고 용기내어 관심을 갖고 공부해보려고 하는데요
html과 css등등 영상만 찾아서 독학하려하니 막막한데요 혹시 기초부터 쉽게 이해하며 쉽게 러닝엔두잉하면서 참고할 만한 도서 추천 해주실수있으실까요...?
최종 목표 제가 하고있는 사업내용을 반영한 앱개발이 목표인데 정말 도전해서 결과물을 만들어내고 싶어요 도와주세요ㅠ",,2,5년 전,2025-11-26 17:43:06,2025-11-26 17:43:06,
3R6vFdb7YI4,Ugz_uAy1QAA_jrqemjR4AaABAg,@nowplaying8305,우측상단 플레이 버튼 마우스로 누르기 귀찮은데 단축키 있나요?,,5,5년 전,2025-11-26 17:43:06,2025-11-26 17:43:06,
3R6vFdb7YI4,UgxKO8Ohm7XVaZr9BbB4AaABAg,@leeminseok1,좋은 강의 감사드립니다. 제 노트북에는 백슬래쉬가 없고 W에 가로 선그어져있는 기호가 있는데 차이점이 뭔지 알 수 있을까요?,,2,5년 전,2025-11-26 17:43:06,2025-11-26 17:43:06,
3R6vFdb7YI4,Ugwvg5ARXfdX8q7tcBt4AaABAg,@Lostu-f3l,"질문이 있는데요 리스트에서 어떤경우는 함수를 변수 뒤에 써서 프린트 출력하는 경우가 있고 또 어떤 경우는 프린트 안에 함수를 써서 값을 출력하는걸까요?
프린트 안에 함수를 쓸 경우에는 다른 이름의 변수를 써서 하면 프린트 출력이 되긴하는데요",,2,4년 전,2025-11-26 17:43:06,2025-11-26 17:43:06,
3R6vFdb7YI4,Ugxshlp6f-trNca94gl4AaABAg,@거니꺼니-v6x,안 녕 하 세 요^ 0 ^,,1,5년 전,2025-11-26 17:43:06,2025-11-26 17:43:06,
3R6vFdb7YI4,Ugy8bksc9TidbSDIqWp4AaABAg,@여린말차,"112-114쪽에 연습문제 있는게 맞나요??
제 책은 106-109쪽이 연습문제라서요 !",,3,5년 전,2025-11-26 17:43:06,2025-11-26 17:43:06,
3R6vFdb7YI4,Ugw1d-a1i2osK19LySp4AaABAg,@영선유-n2p,강의 귀에 쏙 들오네요,,1,5년 전,2025-11-26 17:43:06,2025-11-26 17:43:06,
3R6vFdb7YI4,UgwmJ2y98UWxyQ7xAd14AaABAg,@POPCORN-ru5nl,1일 1강의~~ 잘보고있습니다!,,1,4년 전,2025-11-26 17:43:06,2025-11-26 17:43:06,
3R6vFdb7YI4,UgwIoF226vNSieGYKwF4AaABAg,@gengar_bread,"1학년 때 전공교수님께 첫 프로그래밍 언어로 파이썬을 배운 후 너무 머리가 아파서 파이썬은 안하고 있었는데, 3학년 되서 조코딩님 파이썬 강의 들으니까 훨씬 이해가 잘되네요ㅋㅋ C언어보다 훨씬 쉽네요. 잘 듣고 갑니다!!",,2,5년 전,2025-11-26 17:43:06,2025-11-26 17:43:06,
3R6vFdb7YI4,UgyBoTSJw-4zSPQlg354AaABAg,@김민혁-k7p,"안녕하세요 조코딩님 전 지금 중학교 3학년인데  제 꿈이 정보보안 전문가 입니다 한마디로 화이트 해커인데 지금 부터 파이썬을 배워서 앞으로 더 많은걸 배우면서 이 꿈을 충분히 이룰수있을까용 ㅜㅜ 
그리고 3강 편집본은 다음주쯤 나오겠죠???",,3,5년 전,2025-11-26 17:43:06,2025-11-26 17:43:06,
3R6vFdb7YI4,UgzcfZ_WqoJleOPz7Ql4AaABAg,@닉이다막혔누,"너무 많은것 같아요...
이 영상을 여러가지로 나눈것도 있으면 편할것 같네요;;",,1,5년 전,2025-11-26 17:43:06,2025-11-26 17:43:06,
3R6vFdb7YI4,Ugyv5h2PTfcKrQ0gclh4AaABAg,@user-su9hu8dz3g,"9:50 """""" """"""는 열 띄어쓰기와 상관없이 주석처리 아니었나요? 헷깔려요",,1,4년 전,2025-11-26 17:43:06,2025-11-26 17:43:06,
3R6vFdb7YI4,UgzPUaQ-UaR_BDtwtFR4AaABAg,@SmoonUsun,vscode 글자 크기 키울려면 어떻게 해야 하나요?,,2,4년 전(수정됨),2025-11-26 17:43:06,2025-11-26 17:43:06,
3R6vFdb7YI4,Ugwl7Y4t78OfTw1zU1F4AaABAg,@쩌리-e9y,슬라이싱 -1하면 뒤에 첫번째를 읽는 건가요,,1,4년 전,2025-11-26 17:43:06,2025-11-26 17:43:06,
3R6vFdb7YI4,UgwZ1_iusFpf5XCVlXd4AaABAg,@현영-g4p,"조코딩님ㅠㅠ독학하면서 정말 도움이 많이 돼요. 조금 다른 질문인데 책 82쪽에 a.remove(3) 하면 바로 [1,2,1,2,3] 이라고 나온다는데 
다른 것은 a를 구하라 해서 a를 프린트 괄호 속에 넣었는데 리무브같은 경우 밑에 따로 a가 없어 바로 print괄호 안에 a.remove(3)을 넣었습니다.
근데 저는 None이라고 하는데 왜 책이랑 다르게 나오죠...?ㅠㅠ",,1,5년 전,2025-11-26 17:43:06,2025-11-26 17:43:06,
3R6vFdb7YI4,UgzkAoTWbNmAboIKPaJ4AaABAg,@hapfitness2376,우측상단에 있는 재생버튼이 안보여요,,2,5년 전,2025-11-26 17:43:06,2025-11-26 17:43:06,
3R6vFdb7YI4,UgwQ7dBlcU1CtJZ4VCh4AaABAg,@한민-p5e,"조코딩님 영상 너무 잘 보고있고 잘 배우고있습니다 14:02초 즈음에 %d %s를 굳이 붙이는 이유가뭔가요? 그냥 숫자로 적어도 실행이되던데요 예를 들어 i ate 3 apples, so i was sick for 3 days라고해도 실행은 되던데용",,1,4년 전(수정됨),2025-11-26 17:43:06,2025-11-26 17:43:06,
3R6vFdb7YI4,Ugxup6J6ozW4deXCmSB4AaABAg,@이창민-d4s,13:29 질문있습니다 7531이 아니라 512311 아닌가용,,1,4년 전,2025-11-26 17:43:06,2025-11-26 17:43:06,
3R6vFdb7YI4,UgwWVbdznwTs3Xq6IbZ4AaABAg,@ABAD312,"40대 후반에 파이션 입문하려고 하는데 조코딩님의 강의를 듣고 보니 나도 할 수 있겠다는 자신감이 생겨서 감사합니다.
궁금한 게 있는데요.
파이션 다운로드 후 파이션 작업을 하려면 인터넷이 연결되어 있어야 하나요?",,1,4년 전(수정됨),2025-11-26 17:43:06,2025-11-26 17:43:06,
3R6vFdb7YI4,Ugxdqp_5uJoC1WFff7F4AaABAg,@BBB-ec4hm,혹시 조코딩님이 데이터홀릭에 조과장님 이신가요? 요즘 저의 의식의 흐름이 모두 데이터로 가고 있어요 ㅎㅎ,,1,4년 전,2025-11-26 17:43:06,2025-11-26 17:43:06,
3R6vFdb7YI4,Ugwnv9Bh03utdxmZ5wV4AaABAg,@엑셀로_칼퇴,화살표 모양 실행의 단축키가 있을까요?,,1,4년 전,2025-11-26 17:43:06,2025-11-26 17:43:06,
3R6vFdb7YI4,Ugxgf1T5ZZePvdVUWPd4AaABAg,@stars8015,"열심히 하는 모습이 아름답습니다.
그런데 개념이 많이 달라서 처음 공부하는 사람들에게 잘못된 개념이 형성될까 걱정됩니다.
예를 들면 a=3은 a에 3을 기억 시키는 것이 아니라  3의 값을 가진 오브젝트를 만들고 그 ID를 a에 할당하는 것입니다.
다른 언어와는 개념이 완전히 다릅니다.
파이썬의 기본 개념을 점검하여 주시기 바랍니다.",,1,5년 전,2025-11-26 17:43:06,2025-11-26 17:43:06,
3R6vFdb7YI4,UgyQoRyH9j1DkJcs5014AaABAg,@billizn,조코딩님 코딩 왕초보인데 코딩 책좀추천해 주실수 있을까요??,,1,5년 전,2025-11-26 17:43:06,2025-11-26 17:43:06,
3R6vFdb7YI4,UgwIUHKq6hZQEu_OfcR4AaABAg,@qnwkehlwk100,개발자가 꿈인 고1 입니다. 파일썬을 공부하려면 조코딩님 강의처럼 강의를 듣는게 좋을까요 아니면 집에서 책을 사서 풀어보는게 좋을까요?,,1,5년 전,2025-11-26 17:43:06,2025-11-26 17:43:06,
3R6vFdb7YI4,UgwofxWdjy9NTJqFqER4AaABAg,@로봇이아닙니다1,저 파워포인트 자료와 같이 공부하고 싶은데 자료 어디서 받아오는 건가요?,,9,5년 전,2025-11-26 17:43:06,2025-11-26 17:43:06,
3R6vFdb7YI4,UgyR6YT_GW9W32z_yAF4AaABAg,@50minutes397,"변수를 한구어로 해도 돼나용?
이런식""점수=3""",,1,4년 전,2025-11-26 17:43:06,2025-11-26 17:43:06,
3R6vFdb7YI4,Ugy94RMV01vfKAfFg1p4AaABAg,@jhonealex9511,"조코딩님 a='A'와 같이 문자열이 있을때
박스에 해당하는 a에는 작음따옴표나 
큰 따옴표가 들어가지 않는 건가요?",,1,4년 전,2025-11-26 17:43:06,2025-11-26 17:43:06,
3R6vFdb7YI4,Ugzno10Tw0eqJDP_ZOB4AaABAg,@user-mz8gr7ui7e,13:31에  7531이 아니라 위에있는 512311아닌가요?,,1,4년 전,2025-11-26 17:43:06,2025-11-26 17:43:06,
3R6vFdb7YI4,UgwQj1SYZ5E9lksH_yp4AaABAg,@지민-t7n4k,너무 어려워서 어떻게해야 할지 모르겠어요,,1,4년 전,2025-11-26 17:43:06,2025-11-26 17:43:06,
3R6vFdb7YI4,UgwgMuXoraj_ITX6KpN4AaABAg,@오정민-h8g,재생버튼이 없으면 어떻게 해야하나요?,,1,4년 전,2025-11-26 17:43:06,2025-11-26 17:43:06,
3R6vFdb7YI4,UgzTAtgIEYfcNyveh1p4AaABAg,@용용-j4m,"교재에는 >>>
강의에선 print
무슨 차이가 있는 거죠?",,1,4년 전,2025-11-26 17:43:06,2025-11-26 17:43:06,
3R6vFdb7YI4,UgwXn79jUEihvfZp5094AaABAg,@참말로-w8z,조코딩님 완전초보입니다. 너무 빨라서 잘 못 알라듣겠어요. 조금만 느리게 해주시면 감사하겠습니다.,,0,5년 전,2025-11-26 17:43:06,2025-11-26 17:43:06,
3R6vFdb7YI4,UgxI93uHUD0dA6UV3o14AaABAg,@국가니카라과,강의 감사합니다. 책을 구입하고 싶은데  제목이 무엇인가요?,,1,5년 전,2025-11-26 17:43:06,2025-11-26 17:43:06,
3R6vFdb7YI4,Ugxh7enykWs40zQwyKZ4AaABAg,@이문주-i7w,변수.함수     함수(변수)     대체 어떤 차이점으로 이렇게 다르게 쓰는건가요?,,0,4년 전,2025-11-26 17:43:06,2025-11-26 17:43:06,
3R6vFdb7YI4,Ugw6XLVBLN3EeVgUbrl4AaABAg,@아하월드-34,"파이썬 다운받았는데 
쓰고 바로 출력 눌러볼수있는건 파이썬 다운받은것중엔는 없는것같은데 뭔가요?ㅜㅠ",,1,4년 전,2025-11-26 17:43:06,2025-11-26 17:43:06,
3R6vFdb7YI4,UgwGN9SSk2HLvpjeEVx4AaABAg,@my_name_lucas,"/n 쓰면 그대로 /n이 나와요
/',  /""썼을땐 그대로 /'가 나와요 이상해요",,1,4년 전,2025-11-26 17:43:06,2025-11-26 17:43:06,
3R6vFdb7YI4,UgwARggML0ZvYz4gt9x4AaABAg,@z__on,💻,,0,5년 전,2025-11-26 17:43:06,2025-11-26 17:43:06,
3R6vFdb7YI4,UgwcshT8hQVNTfx3M1l4AaABAg,@꿈드림-y3p,내 재생버튼 어디있어,,1,4년 전,2025-11-26 17:43:06,2025-11-26 17:43:06,
3R6vFdb7YI4,UgyayT55cYx5CPTviVt4AaABAg,@공돌이지망생-f6q,실행버튼이 안보여요,,2,4년 전,2025-11-26 17:43:06,2025-11-26 17:43:06,
3R6vFdb7YI4,Ugx-eZTHZ6kAW5TT_hV4AaABAg,@MattJeon1223,Process finished with exit code 0 만 나오는데 제가 설정을 잘못한 건가요?,,1,3년 전,2025-11-26 17:43:06,2025-11-26 17:43:06,
3R6vFdb7YI4,Ugy8xQmhmy0ADv0FKl94AaABAg,@정준서-k7y,무슨 책이지 저건..?,,1,4년 전,2025-11-26 17:43:06,2025-11-26 17:43:06,
3R6vFdb7YI4,UgxrWvPSILNXnmFxMs94AaABAg,@AnNyeongXD-g3s,"저는 우측상단에 실행버튼을 누르면 같은실행값이랑 명령어가 2,3개 더나오는데 이건 뭐가 문제일까요??",,1,4년 전,2025-11-26 17:43:06,2025-11-26 17:43:06,
3R6vFdb7YI4,Ugy5VNOs5L8ZxMeSWrh4AaABAg,@onekd9580,"설명은 너무 좋은데 화면의 전환, 갑자기 늘어나는 문자들이 보기 너무 어렵습니다.. ㅠㅠ",,0,4년 전,2025-11-26 17:43:06,2025-11-26 17:43:06,
3R6vFdb7YI4,UgwECmRn11ipJaUQmcB4AaABAg,@user-bj9rz2hv5s,"파이썬 고등학교 올라와서 처음 접한 고1인데 학교쌤이 모든 걸 다 안다는전제로 설명하셔서 뭔소린지 하나도 모르겠고 너무 어려웠는데 이해가 잘되네용!!감사합니다 !,!ㅠㅠ",,1,3년 전,2025-11-26 17:43:06,2025-11-26 17:43:06,
3R6vFdb7YI4,UgznThhl0TPHnjhespl4AaABAg,@90ogog,저는 값이 나오는 창에서 실행해서 나온 값이랑 C:\ 부분이랑 한 줄 간격이 없는데 어떻게 하나요?,,1,4년 전,2025-11-26 17:43:06,2025-11-26 17:43:06,
3R6vFdb7YI4,UgzMIZWzPgV8YSIRKoJ4AaABAg,@남상진-e1s,카카오톡이나 라인 처럼 메신저 앱만들수있는강좌 있나요?,,1,5년 전,2025-11-26 17:43:06,2025-11-26 17:43:06,
3R6vFdb7YI4,UgzkxYdEV55HmGcLBw14AaABAg,@지은-g6w,저.... 저는 왜 실행이 안뜰까요 ㅠㅠ,,1,4년 전,2025-11-26 17:43:06,2025-11-26 17:43:06,
3R6vFdb7YI4,UgyuYUAb8E8lPkqvpRx4AaABAg,@abcx-f5g9,파이썬의 단점이 틀린걸 수정못하는데 프로세싱? 그걸로가능한가요??,,1,5년 전,2025-11-26 17:43:06,2025-11-26 17:43:06,
3R6vFdb7YI4,UgzzsnvpbzJ_aMIHCqx4AaABAg,@페연-v6d,대괄호 소괄호 중괄호 차이는 뭔가요? 궁금합니다!,,1,4년 전,2025-11-26 17:43:06,2025-11-26 17:43:06,
3R6vFdb7YI4,UgzzHBYnebXvSzEDknt4AaABAg,@user-be2bv8zy6u,제가 아이들 파이썬이 안 열려서 파이참을 깔았는데 이건 30일 후 유료로 전환 된대서 고민 중입니다.. 가격이 꽤 많이 나가더라구요ㅠㅜ 어떻게든 IDLE을 고쳐서 그걸 쓰는게 좋을끼요? 아니면 그냥 사야할까요..,,1,4년 전,2025-11-26 17:43:06,2025-11-26 17:43:06,
3R6vFdb7YI4,Ugz08_vYdHi9mI4gCNV4AaABAg,@김근환-h5z,이 파이썬 강의 책을 사고 싶은데  제목이 무엇인가요?,,1,4년 전(수정됨),2025-11-26 17:43:06,2025-11-26 17:43:06,
3R6vFdb7YI4,UgyC8c9cRtUH5WKUTOZ4AaABAg,@haze8295,"안녕하세요. 코딩강의를 알아보던중 조코딩님의 설명이 초보자가 듣기에 가장 쉽게 설명해주신다는 말을 듣고 조코딩님의 강의를 듣게 되었습니다. 하나 질문이 있는데요.  14:44초 부분의 %s 를 사용하는 과정에서 a = 을 붙이면 %s부분이 그대로 나옵니다. 이런식으로요. >>> ""I ate %s apples. so I was sick for %s days. "" % (number, day) a = 을 지우고 하면 'I ate 10 apples. so I was sick for three days. 이런식으로 잘 인식을 합니다. %d 도 a = 을 붙이면 똑같이 나오더라구요..사소한거지만 찜찜함에 질문드립니다. 좋은 강의해주셔서 감사드립니다^^",,0,4년 전,2025-11-26 17:43:06,2025-11-26 17:43:06,
3R6vFdb7YI4,UgzSQnPYZOJxMTYUBrd4AaABAg,@지민-t7n4k,너무너무 어렵네요.,,1,4년 전,2025-11-26 17:43:06,2025-11-26 17:43:06,
3R6vFdb7YI4,UgzPDXghRycUr_QsQOl4AaABAg,@vipstar3,강의에 나오는 프로그래밍 환경은 어떻게 만드는 건가요?,,1,5년 전,2025-11-26 17:43:06,2025-11-26 17:43:06,
3R6vFdb7YI4,UgzCydoge_su8j_PGJh4AaABAg,@아잉아잉-b2z,"a = 1
e = 10

변수들을 더한 값을 다른 변수에 저장은 어떻게 하죠.",,3,4년 전,2025-11-26 17:43:06,2025-11-26 17:43:06,
3R6vFdb7YI4,Ugw9HCwMPsoS2d7R0R94AaABAg,@신기철-o8p,한글이나 워드 프로그램을 만들려면 무엇을 해야 하나요 ?  제가 완전 초보라 ‥‥,,0,4년 전,2025-11-26 17:43:06,2025-11-26 17:43:06,
3R6vFdb7YI4,UgyBGmGzXGbC0BtwFoF4AaABAg,@thanks1225-h2i,"이제 파이썬 공부 시작한 왕초보자입니다~

a= ""I eat %d apples."" %3
b= ""I eat "" + str(3) + "" apples""
print(b)
에서 이걸 쓰기 귀찮으니까 %d를 쓴다고 하는데 그게 이해가 잘 안되요~
따옴표를 안 닫아도 되니까 이게 더 편하다고 하는데요.

a=""I eat 3 apples.""
print(a)

이렇게 해도 잘 나오는데 왜 굳이 %d를 써서 넣는 건지 잘 모르겠어요~ㅠ",,1,4년 전,2025-11-26 17:43:06,2025-11-26 17:43:06,
3R6vFdb7YI4,UgxA-Syz6V2k2QX9IHN4AaABAg,@오빠므찌나-g6v,20:20 책갈피,,1,4년 전,2025-11-26 17:43:06,2025-11-26 17:43:06,
3R6vFdb7YI4,UgyYN7pF4wRVAvXIzSR4AaABAg,@kijongbae386,감사합니다.,,0,2년 전,2025-11-26 17:43:06,2025-11-26 17:43:06,
3R6vFdb7YI4,UgwtczZLBP4hAlS6AVF4AaABAg,@이태승-i4w,좋은 내용에 감사합니다.,,1,4년 전,2025-11-26 17:43:06,2025-11-26 17:43:06,
3R6vFdb7YI4,Ugx4RMxBsK8skpx5X6B4AaABAg,@전준우-u4d,10:27,,1,4년 전(수정됨),2025-11-26 17:43:06,2025-11-26 17:43:06,
3R6vFdb7YI4,Ugzc7afrr0Q2rra0mP54AaABAg,@은하수구,15:56,,1,4년 전,2025-11-26 17:43:06,2025-11-26 17:43:06,
3R6vFdb7YI4,Ugw6MPCjJhauJE2LblF4AaABAg,@rmadbs1,오,,0,2주 전,2025-11-26 17:43:06,2025-11-26 17:43:06,
3R6vFdb7YI4,UgwS_8xwKCvV4Rlnp2R4AaABAg,@lekeaoma3571,11:00,,1,4년 전,2025-11-26 17:43:06,2025-11-26 17:43:06,
3R6vFdb7YI4,Ugz3L3m96xq0CcgZ5rJ4AaABAg,@mnjn77,10:34 책갈피,,1,4년 전,2025-11-26 17:43:06,2025-11-26 17:43:06,
3R6vFdb7YI4,UgyiDK4Nnqb4OLePL7N4AaABAg,@ss-sy4dy,재생버튼이 없으면은 어떡하죠?,,1,4년 전,2025-11-26 17:43:06,2025-11-26 17:43:06,
3R6vFdb7YI4,UgyB_g7FhzWvlYeKdyN4AaABAg,@꿀피부-d6v,좋은강의 감사합니다.,,1,4년 전,2025-11-26 17:43:06,2025-11-26 17:43:06,
3R6vFdb7YI4,UgwiMvdefXL3OFZ6Nzh4AaABAg,@HD-vx2tf,13:01,,2,4년 전,2025-11-26 17:43:06,2025-11-26 17:43:06,
3R6vFdb7YI4,UgzDnGlasMBendRcjB94AaABAg,@김대어,19:34,,1,4년 전,2025-11-26 17:43:06,2025-11-26 17:43:06,
3R6vFdb7YI4,UgySEklVwExU9jTRhLt4AaABAg,@아21992,18:50,,1,4년 전,2025-11-26 17:43:06,2025-11-26 17:43:06,
3R6vFdb7YI4,UgyBwQo75pdqWUpi-gR4AaABAg,@blasio9110,22:31,,1,4년 전,2025-11-26 17:43:06,2025-11-26 17:43:06,
3R6vFdb7YI4,UgxqQZYmRPW14ZWbP1Z4AaABAg,@민초단대장,20:10,,0,2년 전,2025-11-26 17:43:06,2025-11-26 17:43:06,
3R6vFdb7YI4,UgxW6eGI0oUuAclzQXl4AaABAg,@땅면땅,21:18,,1,4년 전,2025-11-26 17:43:06,2025-11-26 17:43:06,
3R6vFdb7YI4,UgwFvI_CXz7YZj2D3a14AaABAg,@나루토-b7y,16:00,,1,4년 전,2025-11-26 17:43:06,2025-11-26 17:43:06,
3R6vFdb7YI4,UgyPtc0lSZKHvYJ0JrZ4AaABAg,@se2-r2i,17:24,,0,3년 전,2025-11-26 17:43:06,2025-11-26 17:43:06,
3R6vFdb7YI4,UgwmeAd2mR20apmXZhV4AaABAg,@Kyoung507,14:26,,1,4년 전(수정됨),2025-11-26 17:43:06,2025-11-26 17:43:06,
3R6vFdb7YI4,Ugx2PD2dteggu0mWMSF4AaABAg,@정현준-l3c,16:26,,1,3년 전,2025-11-26 17:43:06,2025-11-26 17:43:06,
3R6vFdb7YI4,Ugw0FEDXn8RgPjmHILV4AaABAg,@kdk2566,20:35,,1,3년 전,2025-11-26 17:43:06,2025-11-26 17:43:06,
3R6vFdb7YI4,UgyT3KfU8nYUijk0eSl4AaABAg,@jaehokim6574,"안녕하세요 강의 감사드립니다. 파이썬 설치후 기본적으로 실수형이 소숫점 6번째 자리까지로 설정되어있는데
소숫점을 늘리는 방법이 없을까요?",,1,4년 전,2025-11-26 17:43:06,2025-11-26 17:43:06,
3R6vFdb7YI4,UgxLUXeOXBd3QSRJdLd4AaABAg,@2mook2,"아직 댓글을 달아주시는지 모르겠지만 질문 있습니다!
예를 들어 replace 같은 함수는 구조가 a.replace("" "","" "") 인데 join 함수는 구조가 "" "".join(a) 니까
함수를 기준으로 앞 뒤가 바뀌는 것 같은데
이 구조적 차이가 나는 이유가 따로 있나요?? 아니면 그냥 함수마다 다르니 사용할 때마다 찾아보고 사용해야 되나요??
꼭 답변 부탁드립니다 감사합니당",,1,4년 전,2025-11-26 17:43:06,2025-11-26 17:43:06,
3R6vFdb7YI4,Ugy5AEybIdllTHI7dGF4AaABAg,@이태현-j8s,"강의를 보면 어떤 문자열은 밖에 쓰고 어떤건 print 안에 쓰시는데 차이점이 있나요?!
a.count(3)
print(a.count(3))
이런식으로요! 카운트는 밖에쓰고 리무브는 안에써야 인식되는 이유가 있을까여?",,0,4년 전,2025-11-26 17:43:06,2025-11-26 17:43:06,
3R6vFdb7YI4,UgweiBDinRSquGpY5Xt4AaABAg,@DHFC08,조코딩님이 보고 하시는 파이썬 교재가 어떤건지 좀 알수 있을까요? 코딩의 코 자도 모르는데 울 큰아들이 요즘 배우고 있길래 같이 해보려고 하는데 교재랑 같이 하면 좋을거 같아요,,1,5년 전,2025-11-26 17:43:06,2025-11-26 17:43:06,
3R6vFdb7YI4,Ugyg9Vx4j9wtz6Wsk_d4AaABAg,@아렌이-v7c,왜 오른쪽 위에 실행 버튼이 없을까요..?,,1,5년 전,2025-11-26 17:43:06,2025-11-26 17:43:06,
3R6vFdb7YI4,UgxKQKDz61UNd7ljIwR4AaABAg,@VectorINTJ,"저기 재가 이제 파이썬을 배울려고 하는데 책은 무엇을 살까요?
책이 어디에 있는지 도무지 모르겠습니다.",,1,4년 전(수정됨),2025-11-26 17:43:06,2025-11-26 17:43:06,
3R6vFdb7YI4,Ugw0gKwKDk2WMEa4WlZ4AaABAg,@salvare070,안녕하세요! 같은 함수인데 count는 print(a.count) 이고 sort는 a.sort()를 먼저하고 print(a)를 해야하나요? print(a.sort())하면 none이라고 뜨는데 그 이유도 알고싶습니다!,,1,4년 전,2025-11-26 17:43:06,2025-11-26 17:43:06,
3R6vFdb7YI4,UgxvRq9w0U6xa6jphHN4AaABAg,@권다니-v6u,"b = ‘12123425125’
print(b[: : -2]
512311 이 나오는데
어떻게 75…이 나올수가 있나요?
꼭 답변해주셨음 합니다",,2,4년 전,2025-11-26 17:43:06,2025-11-26 17:43:06,
3R6vFdb7YI4,UgzZAGQwFZZgpUx3USd4AaABAg,@조민혁-g1j,"제 컴퓨터에는 역슬래시?(/ 이거 반대쪽으로 그은거) 같은 키가 없어요 ㅠㅠ 원 표시 눌러도, 쉬프트 키고 눌러도 일자 모양만 뜨고 엔터나 따옴표 인식이 하나도 안 됩니다",,1,5년 전,2025-11-26 17:43:06,2025-11-26 17:43:06,
3R6vFdb7YI4,Ugy0vzOv94-jqMh0vQl4AaABAg,@채보윤,"a=4.24e10
print(a)를 했을때
SyntaxError: invalid syntax
>>> & C:/Users/style/AppData/Local/Programs/Python/Python39/python.exe c:/코딩/hello.py
  File ""<stdin>"", line 1
    & C:/Users/style/AppData/Local/Programs/Python/Python39/python.exe c:/코딩/hello.py
    ^
이게 뜨면 뭔가요?",,1,5년 전,2025-11-26 17:43:06,2025-11-26 17:43:06,
3R6vFdb7YI4,UgzTM160lfuG0eCL6394AaABAg,@해준-g4v,"21:55 부분에요 Print(a[4][1]) 를 하면
김재원이랑 1이라는숫자가 나와야하는거아니에요?",,1,4년 전,2025-11-26 17:43:06,2025-11-26 17:43:06,
3R6vFdb7YI4,UgxjgyGLPjEabYb0U7R4AaABAg,@tax3450,"4:54 저기서 나온대로 똑같이 썼는데

>>> & D:/python.exe d:/python/hello.py
  File ""<stdin>"", line 1
    & D:/python.exe d:/python/hello.py
    ^
SyntaxError: invalid syntax
이렇게 떠요

그 오른쪽 위에 있는 세모 실행 표시 누르면 저렇게 뜨구요 
쉬프트 + 엔터 치면 잘 되요 무슨 문제가 있는건가요?
다른것도 세모 실행 표시 누르면 다 그래요",,1,4년 전(수정됨),2025-11-26 17:43:06,2025-11-26 17:43:06,
3R6vFdb7YI4,UgytUTTV4Of9EakH1wZ4AaABAg,@안녕하세오-j7x,선생님 그럼 ***은 삼승인가요? ****은 사승이고?,,0,4년 전,2025-11-26 17:43:06,2025-11-26 17:43:06,
3R6vFdb7YI4,UgxZzxEiYvEWu4jrK214AaABAg,@행복한개구리-h3c,재생버튼이 왜없죠?,,1,5년 전,2025-11-26 17:43:06,2025-11-26 17:43:06,
3R6vFdb7YI4,Ugw6eeB7pgxLlgs37tp4AaABAg,@진기-i7e,"선생님
18:30 정도에
find질문입니다!

print find (x)
랑
그냥
a.find(x)
랑 결과가 똑같이나오는데
print를 안써도되는건가요?",,1,4년 전,2025-11-26 17:43:06,2025-11-26 17:43:06,
3R6vFdb7YI4,UgzWwi13EeYs08y8e2t4AaABAg,@moshimoshi-u8z,"3:06 에 재생을 눌렀을때 zsh: no matches found: c:/Python(vscode)/hello.py 라며 a의 값이 나오지 않습니다
(구글링도 다 해봤는데 정확한 해결방법은 없더라구요...... 혹시 조코딩님을 알까 조용히 댓글 달아봅니다)",,2,5년 전(수정됨),2025-11-26 17:43:06,2025-11-26 17:43:06,
3R6vFdb7YI4,UgzLkNpjxbf46P_-I5F4AaABAg,@moru6110,혹시 도메인 .io 처럼 깔끔한 도메인을 무료로 제공해주는 사이트 없나요? www.netlify.com 같은거 말고요,,1,5년 전(수정됨),2025-11-26 17:43:06,2025-11-26 17:43:06,
3R6vFdb7YI4,Ugyknba3e_Kw5zf9piN4AaABAg,@sangDu-park,"영상에서 사용하신 교제가 무엇인가요?
알려주실우 있나요?  부탁드립니다 ㅠ",,2,5년 전,2025-11-26 17:43:06,2025-11-26 17:43:06,
3R6vFdb7YI4,Ugzw4OI7QZhwqB3vof14AaABAg,@se2-r2i,"리스트 추가에서 a = [a,b,c] 라하고 print(a.append(d))는 안되나요?? 그냥 none이라고 뜨길래 ㅠㅠ",,1,3년 전,2025-11-26 17:43:06,2025-11-26 17:43:06,
3R6vFdb7YI4,UgysLiCDKW-oNVCGvHJ4AaABAg,@pvjin6450,16:35 에서 간격이 무엇을 의미하는지 잘 모르겠습니다.,,1,4년 전,2025-11-26 17:43:06,2025-11-26 17:43:06,
3R6vFdb7YI4,Ugw4lryzK9fOHvZzIJp4AaABAg,@이치후-p6g,"조코딩님 질문있습니다! replace는 return값이 있어서 print(a.replace()) 해주는데 만약 a.replace( , ) 하고 print(a) 이렇게 하면 왜 replace가 반영되지않고 출력되는걸까요? return값이 있는 함수는 무조건 print(a.함수()) 해줘야하고 return이 없는함수는 a.append 하고 print(a)이렇게 해야 반영이 되는건가요?! 결론은 return값이 있는 함수도 print문이 아닌 a.~~ 이렇게 먼저써주면 안되는건가요? 예를들면 pop라는 함수는 return값이 있는데도 a.pop하고 나서 print문을 써도 값이 나와요! 리스트에서는 상관없고 문자열 자료형인 상태에서는 제약이 들어가는건가요?",,0,4년 전(수정됨),2025-11-26 17:43:06,2025-11-26 17:43:06,
3R6vFdb7YI4,Ugz9IxY8svrDrLi5ZYR4AaABAg,@Jj___mn,파이썬을 컴퓨터에 깔아서 해보고 싶은데 어떻게 다운로드 하나요..?,,2,5년 전,2025-11-26 17:43:06,2025-11-26 17:43:06,
3R6vFdb7YI4,Ugx47SjBYynQxJgDUdV4AaABAg,@이명광-k9j,재생 기능이 않뜸니다  어떻게 하나요 조코딩님,,1,4년 전,2025-11-26 17:43:06,2025-11-26 17:43:06,
3R6vFdb7YI4,Ugw3wG0IbeY9kvrh35p4AaABAg,@조예준-j6e,오른쪽상단 재생버튼이 안떠요,,0,4년 전,2025-11-26 17:43:06,2025-11-26 17:43:06,
3R6vFdb7YI4,Ugw-kvgNjpvF6NSNzCR4AaABAg,@갬기깽,"원래 print(""\a"") 하면 소리 안나나요??",,1,5년 전,2025-11-26 17:43:06,2025-11-26 17:43:06,
3R6vFdb7YI4,UgxbUN1typnWH_6wbgR4AaABAg,@Mungtaengit,"궁금한게있습니다..
영상에서 %d 이런거는 정수표현할때 사용하신다고 하셨는데 만약 두개의 반복되는 정수를 표현하려면 어떡하죠?
다른 기호가있나요?
그리고..코딩에서 ""my name is {name}"" .format(name=ㅇㅇㅇ"")에서 name를 대소문자관계없이 입력해도 문장내에서 name값으로 인식되나요?
또.. a =  1이런거에서 a와 같은 문자들을 한글로 바꿔써도 추후에 문제가없나요?",,1,5년 전,2025-11-26 17:43:06,2025-11-26 17:43:06,
3R6vFdb7YI4,UgxXkaHJuVz_MhOMMlx4AaABAg,@Uiophjkl-l4w,저는 왜 재생버튼이 없는 걸까요..,,1,5년 전,2025-11-26 17:43:06,2025-11-26 17:43:06,
3R6vFdb7YI4,UgxrEjb8GUqFEq1PvPV4AaABAg,@Ddang_gle,플레이 버튼이 없는데 어떻게 하나요??,,1,4년 전,2025-11-26 17:43:06,2025-11-26 17:43:06,
3R6vFdb7YI4,Ugx0Y_GP07-rf_aN1q94AaABAg,@은서진-q4w,"18:58  이거를 입력해서 실행시키면
a,b,c 라고만 나오는데 어떻게 하죠??ㅠㅠ",,1,4년 전,2025-11-26 17:43:06,2025-11-26 17:43:06,
3R6vFdb7YI4,UgyuhsWx8aS2lBUBUcd4AaABAg,@곽동현-m8l,"a=1
print(a) 하고 Run하니까
터미날창에 invalid syntax로 뜨는데 왜그런거죠??",,0,4년 전,2025-11-26 17:43:06,2025-11-26 17:43:06,
3R6vFdb7YI4,UgxE4fE3BOMno154-Wl4AaABAg,@나다-y2n,print(type(a))라는 값을 실행하니 저는 <type 'int'>가 나오는데 어떤 부분에서 문제가 생긴걸까요ㅜ?,,1,4년 전,2025-11-26 17:43:06,2025-11-26 17:43:06,
3R6vFdb7YI4,UgyK6DwKGpXTp3OhsAR4AaABAg,@안다미로-n2j,"13:54
에서 
a = ""I eat 3 apples""
print(a)
라고 해도
I eat 3 apples 가 출력 되는데 무슨 차이인가요ㅜㅜㅜ?",,1,3년 전,2025-11-26 17:43:06,2025-11-26 17:43:06,
3R6vFdb7YI4,UgwbJSNBjiVzIXNFzX54AaABAg,@belkiskb2842,"*hello , i installed Python  3 on my windows 7 , but it doesn't work  , it shows app error , what should i do ? heeeeeeeeeeeeeeeeeeeeelp*",,1,5년 전,2025-11-26 17:43:06,2025-11-26 17:43:06,
3R6vFdb7YI4,UgwkHXIPNOyy69AVMQt4AaABAg,@북한산호랑이-k3v,중간 중간에 나오는 책 사고 싶어서 그러는데 무슨책인지 알 수 있을까요?,,1,5년 전,2025-11-26 17:43:06,2025-11-26 17:43:06,
3R6vFdb7YI4,Ugyn4rIRjCfTu3qmCVl4AaABAg,@이치후-p6g,"조코딩님!! 궁금한게 있어요!! 어떤함수는 print(a.find(""b"") 이렇게 하고 어떤함수는 a.append(""시우버""), print(a) 이렇게 하는데 이거 그냥 함수마다 차이인가요?? 외워야 하는건가요?",,0,4년 전,2025-11-26 17:43:06,2025-11-26 17:43:06,
3R6vFdb7YI4,UgxrYSVQHhgOIPAFaZd4AaABAg,@thanks1225-h2i,"27:28에서
리스트에서 연속된 범위의 값 수정하기 에서
>>>a[1:2]
[2]
>>>a[1:2] = ['a','b','c']
>>>a
이다음에 리스트의 값 수정하기 라고 글씨가 적혀 있어서 다음줄이 보이지 않아요~
위의 내용이 무슨 말씀 일까요??",,1,4년 전,2025-11-26 17:43:06,2025-11-26 17:43:06,
3R6vFdb7YI4,UgyazGTwyH-lwiWNjbh4AaABAg,@소현세자-w3r,방송하시는 플랫폼이 뭔가요?,,1,5년 전,2025-11-26 17:43:06,2025-11-26 17:43:06,
3R6vFdb7YI4,UgwpClD7BImnyGVeve54AaABAg,@doramiiikim,재생버튼 누르면 teminel 에서 정확히 표현이 되지 않는건 어떤 문제일까요?ㅠㅠ,,1,5년 전(수정됨),2025-11-26 17:43:06,2025-11-26 17:43:06,
3R6vFdb7YI4,UgyKM0tcEW2s-szsYn54AaABAg,@akananaqk7108,"조코딩님 분명 똑같이 따라했는데 삼각형 실행버튼 마우스로 눌리면 오류뜨고
ctrl  + 5 눌리면 정상적으로 실행이 되네요 .. 이건 무슨 문제인가요?",,1,4년 전,2025-11-26 17:43:06,2025-11-26 17:43:06,
3R6vFdb7YI4,UgyqH2z-qw16fHAQU3d4AaABAg,@ugiugi3723,설명이 너무 빠르셔서 이해를 잘 못하겠어요ㅠ,,2,5년 전,2025-11-26 17:43:06,2025-11-26 17:43:06,
3R6vFdb7YI4,UgyuoqlitPWw3ePW2LN4AaABAg,@이호영-n7t,파이션으로 로봇트 못 만들조,,1,4년 전,2025-11-26 17:43:06,2025-11-26 17:43:06,
3R6vFdb7YI4,Ugzk5Zh6lK3thjtPbXJ4AaABAg,@slgiroounbbbo,갑자기 실행버튼이 사라져써요 ㅜ,,1,4년 전,2025-11-26 17:43:06,2025-11-26 17:43:06,
3R6vFdb7YI4,UgxbFlygEWz6J82VN1J4AaABAg,@슈슈일기,"a=1

print(a)
했는데 왜 계속 안돼는지 궁금합니다
오류 : SyntaxError: invalid syntax",,1,5년 전,2025-11-26 17:43:06,2025-11-26 17:43:06,
3R6vFdb7YI4,UgyuBVZHBhWlxp2n1G94AaABAg,@라스트-w4d,어떤 사이트에 들어가면 원치 않는 광고가 자꾸 뜨는데 검사항목으로  삭제하면  그 당시에는 삭제 되지만 다시 접속하면 또 나오는데 영원히 삭제하는 방법은 없나요? 그 광고에 loop 설정이 되어 있어요. loop 지워도 다시 설정됩니다. 자동으로,,1,5년 전,2025-11-26 17:43:06,2025-11-26 17:43:06,
3R6vFdb7YI4,UgxYZ2xS6hap5KY_md14AaABAg,@nachaehong,a/b 를 하면 소수자리는 안나오고 0으로만 나오는데 어떻게 해야하나요!,,1,4년 전,2025-11-26 17:43:06,2025-11-26 17:43:06,
3R6vFdb7YI4,Ugwwj2DEbe6Di3cHNU94AaABAg,@zzz6800,근데 프로그래밍할때 파이썬을 최우선으로 배워야하나요?,,1,4년 전(수정됨),2025-11-26 17:43:06,2025-11-26 17:43:06,
3R6vFdb7YI4,UgwsmLL-ktXlCvyeHNh4AaABAg,@박하준-h1t,"행님, hello.py에서요 a = ""hello world"" 하구, print(a) 하시는부분 똑같이 따라하면,  밑에 터미널에서 SyntaxError: EOL while scanning string literal
PS C:\hacoding> & C:/python38-32/python.exe c:/hacoding/hello.py 이러면서 에러가 뜨는데 어뜩하쥬...",,0,4년 전,2025-11-26 17:43:06,2025-11-26 17:43:06,
3R6vFdb7YI4,UgzAkMOCixxPl-mXNll4AaABAg,@thibetanus2,"선생님
c = ""%0.3f"" % 1.2345678
print(c)
이렇게 실행을 하였는데 1.235가 나왔어요ㅜㅜ
원래 3자리 까지니까 1.234아닌가요ㅠ",,1,5년 전,2025-11-26 17:43:06,2025-11-26 17:43:06,
3R6vFdb7YI4,Ugy9gr2xqlcQxc7Mxh14AaABAg,@꼬뜨-e5k,"혹시 지금62비트에  39.9 를 사용하는데,,,,,,,,, 저런 화면이 보이질 않네요 파이썬 32비트 써야 저런 화면 나오나요 아님 버전이달라서 아님 다른 앱인가요.......?",,0,4년 전,2025-11-26 17:43:06,2025-11-26 17:43:06,
3R6vFdb7YI4,Ugzk4_MWxgBgcdCnzs54AaABAg,@esean5008,"19:01
그  a="","".join([""a"", ""b"" ,""c""])를 입력하면 출력값으로 'a,b,c,'가 나오는데 정상적으로 나온 건가요??
영상에서 나온 거와 다르게 나와서 질문드립니다!!",,0,4년 전,2025-11-26 17:43:06,2025-11-26 17:43:06,
3R6vFdb7YI4,Ugw_SOfGUGOqy1AFlyF4AaABAg,@SPECIAL_TEAM,11:30 -0은 없나요..?,,1,5년 전,2025-11-26 17:43:06,2025-11-26 17:43:06,
3R6vFdb7YI4,UgwOnjw5pi13hbB4TGJ4AaABAg,@전강석,"재생버튼을 눌러서 파일을 실행하려는 경우에 저는 zsh: no matches found: d:/코딩(파이썬)/hello.py 가 나오는데  혹시 왜 그런지 아시나요 ㅠㅠ 혹시나 아시길 바라며...
(참고로 python hello.py로 프롬프트창에 직접 입력하면 실행됩니다.)",,0,4년 전,2025-11-26 17:43:06,2025-11-26 17:43:06,
3R6vFdb7YI4,UgytIfWcxXNOBR3fIPJ4AaABAg,@김주영-m3z,"안녕하세요. 먼저 이렇게 좋은 강의 올려주셔서 감사합니다. 
강의를 듣다가 궁금한게 있어서요. 
리스트 함수에서 append 랑 extend 의 차이점이 있나요?
그냥 리스트를 추가 해주는 같은 함수라고 생각해도 괜찮나요? 
insert는 특정 위치에 특정 값을 삽입하는 것이니, 위 2개 함수랑은 다르다는 것은 이해가 되는데, 
저 2개 함수는 조금 헷갈리네요. 
아, 그리고 혹시 사용하시는 교재 e book으로도 구할 수 있을까요? 제가 지금 해외에서 보면서 공부하는 중이라 책을 직접 구매하기는 힘들 것 같은데, 아시면 답변 부탁드리겠습니다. 감사합니다.",,1,5년 전(수정됨),2025-11-26 17:43:06,2025-11-26 17:43:06,
3R6vFdb7YI4,UgwN5PNdHKcu8I2a7Bh4AaABAg,@sangDu-park,조코딩님 인덱싱  11:16 에서  9까지 가면 다시 0부터 시작하는데요 그걸 어떻게 구별해서 3번쨰 있는 t 를 어떻게 삽입하나요?,,1,5년 전,2025-11-26 17:43:06,2025-11-26 17:43:06,
3R6vFdb7YI4,UgxS-4IFbTSIQ-l0zAl4AaABAg,@simonkim7152,17:00 ㅇㄷ 감사합니다,,1,4년 전(수정됨),2025-11-26 17:43:06,2025-11-26 17:43:06,
3R6vFdb7YI4,Ugxbp-e_x39MObFo6NJ4AaABAg,@agapejsw,12:15 8미만이아니라 8이하아닌가요... 8미만은 8미포함. 8이하가 8포함 문과신가 ㅋ,,1,3년 전,2025-11-26 17:43:06,2025-11-26 17:43:06,
3R6vFdb7YI4,Ugxbp-e_x39MObFo6NJ4AaABAg.9VtJTVZoGcv9Vtail6cxxX,@jocoding,인덱스 8번을 포함하지 않아서 미만이 맞습니다!,Ugxbp-e_x39MObFo6NJ4AaABAg,1,3년 전,2025-11-26 17:43:06,2025-11-26 17:43:06,
3R6vFdb7YI4,Ugxbp-e_x39MObFo6NJ4AaABAg.9VtJTVZoGcv9VtfDAaAdt0,@agapejsw, @jocoding  0부터 시작이군요 나대서 죄송합니다. 빠른 답글 깜짝!,Ugxbp-e_x39MObFo6NJ4AaABAg,0,3년 전,2025-11-26 17:43:06,2025-11-26 17:43:06,
3R6vFdb7YI4,UgwN5PNdHKcu8I2a7Bh4AaABAg.9BSitTVjD--9BV-tBnIr5r,@jocoding,"책에서 좀 알아보기 힘들게 나왔는데 0이 아니고 10입니다! 10, 11, 12, 13... 이런식으로 인덱스가 진행됩니다!",UgwN5PNdHKcu8I2a7Bh4AaABAg,0,5년 전,2025-11-26 17:43:06,2025-11-26 17:43:06,
3R6vFdb7YI4,UgytIfWcxXNOBR3fIPJ4AaABAg.9CMLD-abVxP9CPcHjvKBDC,@jocoding,"좋게 봐주셔서 감사합니다ㅎㅎ append 랑 extend 의 차이점을 잘 정리해놓은 블로그가 있어서 첨부드립니다!
https://m.blog.naver.com/wideeyed/221541104629

ebook은 아래 링크에서 구매하실 수 있어요!
https://wikidocs.net/buy/1",UgytIfWcxXNOBR3fIPJ4AaABAg,0,5년 전,2025-11-26 17:43:06,2025-11-26 17:43:06,
3R6vFdb7YI4,UgwOnjw5pi13hbB4TGJ4AaABAg.9IN5cpToREB9IO7gQgdOFf,@wookingwoo,"VS code에서 Interpreter 설정을 해주시면 될 것 같아요~
단축키 ctrl + shift + p 로 명령 팔레트를 실행해서 검색창에 Python : Select Interpreter를 입력하고 설치한 파이썬 버전을 선택해주시면 됩니다^^",UgwOnjw5pi13hbB4TGJ4AaABAg,1,4년 전,2025-11-26 17:43:06,2025-11-26 17:43:06,
3R6vFdb7YI4,UgwOnjw5pi13hbB4TGJ4AaABAg.9IN5cpToREB9IPKMQTFX7i,@전강석, @wookingwoo  답글 감사합니다!! 하지만 아직도 안되는 것 같습니다..ㅠㅠ 제가 예전에 nomad coder님 데스크탑 셋업 강의를 들으면서 뭔가를 잘못 설정했나봅니다 ㅠㅠ,UgwOnjw5pi13hbB4TGJ4AaABAg,0,4년 전,2025-11-26 17:43:06,2025-11-26 17:43:06,
3R6vFdb7YI4,Ugw_SOfGUGOqy1AFlyF4AaABAg.9DUrjy4MHp_9DVMn4kNdOl,@jocoding,0 == -0은 True가 나오는군요!ㅋㅋ -0이랑 0이랑 같은 것 같습니다.,Ugw_SOfGUGOqy1AFlyF4AaABAg,1,5년 전,2025-11-26 17:43:06,2025-11-26 17:43:06,
3R6vFdb7YI4,Ugw_SOfGUGOqy1AFlyF4AaABAg.9DUrjy4MHp_9DVRfIT3CvN,@SPECIAL_TEAM, @jocoding  앜ㅋㅋㅋㅋ 감사합니다:D,Ugw_SOfGUGOqy1AFlyF4AaABAg,1,5년 전,2025-11-26 17:43:06,2025-11-26 17:43:06,
3R6vFdb7YI4,Ugzk4_MWxgBgcdCnzs54AaABAg.9I_8jpMKmog9I_GqHqEE41,@j0x16-y4t,"저 영상에서 밑에 보시면 syntax error라고 나옵니다. 조코딩님께서 지금 문법 오류를 내셔서 제대로 출력되지 않은 것이고 
말씀 하신 결과가 정상적인 결과가 맞아요!!",Ugzk4_MWxgBgcdCnzs54AaABAg,1,4년 전,2025-11-26 17:43:06,2025-11-26 17:43:06,
3R6vFdb7YI4,Ugzk4_MWxgBgcdCnzs54AaABAg.9I_8jpMKmog9I_KlTQk0EY,@esean5008, @j0x16-y4t  아하 감사합니다!!!,Ugzk4_MWxgBgcdCnzs54AaABAg,0,4년 전,2025-11-26 17:43:06,2025-11-26 17:43:06,
3R6vFdb7YI4,Ugy9gr2xqlcQxc7Mxh14AaABAg.9INNLofc88Z9IOofZ6pTNY,@한건우-x1m,"32비트 64비트는 크게 상관이 없습니다! 
조코딩님이 쓰시는 에디터는 visual studio code라는 툴인데 다른 화면이 나오신다는걸 보니 파이썬 기본 idle 화면이 아닐까 싶네요! 그냥 설치하셔서 쓰시면됩니다!",Ugy9gr2xqlcQxc7Mxh14AaABAg,0,4년 전,2025-11-26 17:43:06,2025-11-26 17:43:06,
3R6vFdb7YI4,Ugy9gr2xqlcQxc7Mxh14AaABAg.9INNLofc88Z9IOtNIx_6ZT,@꼬뜨-e5k, @한건우-x1m  감사합니다!!,Ugy9gr2xqlcQxc7Mxh14AaABAg,0,4년 전,2025-11-26 17:43:06,2025-11-26 17:43:06,
3R6vFdb7YI4,UgzAkMOCixxPl-mXNll4AaABAg.9FJKCfuM8Fl9FJvj_rHKpU,@jocoding,엇 반올림 하여 보여주는 것이네요!,UgzAkMOCixxPl-mXNll4AaABAg,0,5년 전,2025-11-26 17:43:06,2025-11-26 17:43:06,
3R6vFdb7YI4,UgzAkMOCixxPl-mXNll4AaABAg.9FJKCfuM8Fl9FMFDRbQ2T0,@thibetanus2, @jocoding  아아 맞네요 감사합니다!!,UgzAkMOCixxPl-mXNll4AaABAg,0,5년 전,2025-11-26 17:43:06,2025-11-26 17:43:06,
3R6vFdb7YI4,UgwsmLL-ktXlCvyeHNh4AaABAg.9IU5dcmq1-h9IU61C5xIzE,@박하준-h1t,"아,, 알것네요 띄어쓰기 해서그런가봐요 a= 할때,,,",UgwsmLL-ktXlCvyeHNh4AaABAg,0,4년 전,2025-11-26 17:43:06,2025-11-26 17:43:06,
3R6vFdb7YI4,UgwsmLL-ktXlCvyeHNh4AaABAg.9IU5dcmq1-h9IVAiaVmbvv,@한건우-x1m," @박하준-h1t   EOL은 ""나 '로 문자열을 시작한다음 끝을 안정해줘서 생기는 에러입니다!
EOL 자체가 End of Line 의 줄임말이거든요!
""로 문자열을 시작했는데 왜 안닫아주지? 이런거라고 보시면됩니다
아마 금방 고치신거 보니 이 부분이 오타나신거 같아요 ^^",UgwsmLL-ktXlCvyeHNh4AaABAg,0,4년 전,2025-11-26 17:43:06,2025-11-26 17:43:06,
3R6vFdb7YI4,UgwsmLL-ktXlCvyeHNh4AaABAg.9IU5dcmq1-h9IWh0gfXchz,@박하준-h1t, @한건우-x1m  감사해영~,UgwsmLL-ktXlCvyeHNh4AaABAg,0,4년 전,2025-11-26 17:43:06,2025-11-26 17:43:06,
3R6vFdb7YI4,Ugwwj2DEbe6Di3cHNU94AaABAg.9Ks1PUCSLBI9Ks48G2n2lo,@jocoding,정해진 순서가 있는 것은 아닌데 쉬운 언어여서 먼저 배우면 좋습니다!,Ugwwj2DEbe6Di3cHNU94AaABAg,0,4년 전,2025-11-26 17:43:06,2025-11-26 17:43:06,
3R6vFdb7YI4,Ugwwj2DEbe6Di3cHNU94AaABAg.9Ks1PUCSLBI9KudbiBYIKO,@zzz6800," @jocoding  제가 html을 하고 있었는데 파이썬으로 갈아타는게 좋을까요?또 vs code로 html,css,js로 웹만들어도 작동하나요?",Ugwwj2DEbe6Di3cHNU94AaABAg,0,4년 전(수정됨),2025-11-26 17:43:06,2025-11-26 17:43:06,
3R6vFdb7YI4,UgxYZ2xS6hap5KY_md14AaABAg.9HA9M4h3PrF9HANDevRI5B,@jocoding,엇 이상하군요 몇 나누기 몇 하셨나요?,UgxYZ2xS6hap5KY_md14AaABAg,0,4년 전,2025-11-26 17:43:06,2025-11-26 17:43:06,
3R6vFdb7YI4,UgxYZ2xS6hap5KY_md14AaABAg.9HA9M4h3PrF9HANaeRUXmB,@nachaehong, @jocoding  영상과 같이 3/4했습니다!!,UgxYZ2xS6hap5KY_md14AaABAg,1,4년 전,2025-11-26 17:43:06,2025-11-26 17:43:06,
3R6vFdb7YI4,UgxYZ2xS6hap5KY_md14AaABAg.9HA9M4h3PrF9Hp3UHj924u,@cuchara7087,안녕하세요. 저도 같은 문제를 겪고 있습니다. 다른 숫자를 대입해보아도 0이나오네요.. 4나누기2는 2로 나오지만 2나누기4는 0이나옵니다.,UgxYZ2xS6hap5KY_md14AaABAg,1,4년 전,2025-11-26 17:43:06,2025-11-26 17:43:06,
3R6vFdb7YI4,UgyuBVZHBhWlxp2n1G94AaABAg.9F8e0tEnaIC9FDy5sA-2Ht,@jocoding,"adblock 서비스를 이용하시면 됩니다!
https://ko.wikipedia.org/wiki/%EC%95%A0%EB%93%9C%EB%B8%94%EB%A1%9D_%ED%94%8C%EB%9F%AC%EC%8A%A4",UgyuBVZHBhWlxp2n1G94AaABAg,0,5년 전,2025-11-26 17:43:06,2025-11-26 17:43:06,
3R6vFdb7YI4,UgyuBVZHBhWlxp2n1G94AaABAg.9F8e0tEnaIC9FERTf_T2eA,@라스트-w4d,감사합니다. 잘되네요.,UgyuBVZHBhWlxp2n1G94AaABAg,0,5년 전,2025-11-26 17:43:06,2025-11-26 17:43:06,
3R6vFdb7YI4,UgxbFlygEWz6J82VN1J4AaABAg.9Fl_XrfvysM9FmuRZ1ma-W,@jocoding,어디에서 동작하지 않는 것인가요? 다른 오류 메세지는 없었나요?,UgxbFlygEWz6J82VN1J4AaABAg,0,5년 전,2025-11-26 17:43:06,2025-11-26 17:43:06,
3R6vFdb7YI4,UgxbFlygEWz6J82VN1J4AaABAg.9Fl_XrfvysM9Fo-KME4MnD,@TVyoyo_TV,"a=""1""

print(a)",UgxbFlygEWz6J82VN1J4AaABAg,0,5년 전,2025-11-26 17:43:06,2025-11-26 17:43:06,
3R6vFdb7YI4,Ugzk5Zh6lK3thjtPbXJ4AaABAg.9K17O4irmCw9K17Rg9Yq-d,@slgiroounbbbo,어케하는지몰라서 ㅠ,Ugzk5Zh6lK3thjtPbXJ4AaABAg,1,4년 전,2025-11-26 17:43:06,2025-11-26 17:43:06,
3R6vFdb7YI4,Ugzk5Zh6lK3thjtPbXJ4AaABAg.9K17O4irmCw9K17hs4BrW3,@slgiroounbbbo,파일 제목옆에 줄로대어있지않고 파이썬 로고로 대어이써요,Ugzk5Zh6lK3thjtPbXJ4AaABAg,1,4년 전,2025-11-26 17:43:06,2025-11-26 17:43:06,
3R6vFdb7YI4,Ugzk5Zh6lK3thjtPbXJ4AaABAg.9K17O4irmCw9K2I5MvAF4m,@jocoding,vscode에서 python extension이 재대로 설치되어있는지 확인해보세요!,Ugzk5Zh6lK3thjtPbXJ4AaABAg,0,4년 전,2025-11-26 17:43:06,2025-11-26 17:43:06,
3R6vFdb7YI4,Ugzk5Zh6lK3thjtPbXJ4AaABAg.9K17O4irmCw9K2mymXUsIk,@slgiroounbbbo, @jocoding  넵,Ugzk5Zh6lK3thjtPbXJ4AaABAg,0,4년 전,2025-11-26 17:43:06,2025-11-26 17:43:06,
3R6vFdb7YI4,UgyuoqlitPWw3ePW2LN4AaABAg.9Taaa6n6qxj9TainkLnP3Y,@jocoding,만들 수 있습니다!,UgyuoqlitPWw3ePW2LN4AaABAg,0,4년 전,2025-11-26 17:43:06,2025-11-26 17:43:06,
3R6vFdb7YI4,UgyuoqlitPWw3ePW2LN4AaABAg.9Taaa6n6qxj9Taj3vVzZcr,@이호영-n7t," @jocoding    나를 따라다니게
할려고요
자율주행 카트요
코딩 가능하다고오",UgyuoqlitPWw3ePW2LN4AaABAg,1,4년 전,2025-11-26 17:43:06,2025-11-26 17:43:06,
3R6vFdb7YI4,UgyuoqlitPWw3ePW2LN4AaABAg.9Taaa6n6qxj9TajUopXXrm,@jocoding, @이호영-n7t  네 가능합니다!,UgyuoqlitPWw3ePW2LN4AaABAg,0,4년 전,2025-11-26 17:43:06,2025-11-26 17:43:06,
3R6vFdb7YI4,UgyuoqlitPWw3ePW2LN4AaABAg.9Taaa6n6qxj9Tajbu4XKKA,@이호영-n7t, @jocoding  코딩하는법  블로꼬딩으로는 안되조,UgyuoqlitPWw3ePW2LN4AaABAg,1,4년 전,2025-11-26 17:43:06,2025-11-26 17:43:06,
3R6vFdb7YI4,UgyuoqlitPWw3ePW2LN4AaABAg.9Taaa6n6qxj9TcZBc9BHuK,@jocoding,블록코딩으로도 코딩 가능합니다,UgyuoqlitPWw3ePW2LN4AaABAg,0,4년 전,2025-11-26 17:43:06,2025-11-26 17:43:06,
3R6vFdb7YI4,UgyuoqlitPWw3ePW2LN4AaABAg.9Taaa6n6qxj9TdPy-u5ofN,@이호영-n7t," @jocoding  12볼트.배터리랑12볼트  모터  사용할건대요
블록코딩으로 가능하다고요",UgyuoqlitPWw3ePW2LN4AaABAg,0,4년 전,2025-11-26 17:43:06,2025-11-26 17:43:06,
3R6vFdb7YI4,UgyqH2z-qw16fHAQU3d4AaABAg.9ErTfYwl1d69ExUkF5XIb1,@jocoding,"속도가 빠르시다면 무편집본인 라이브 원본도 업로드 되어있습니다! :)
https://www.youtube.com/playlist?list=PLU9-uwewPMe2L7dC2us_C3LLwDL9vHQIx",UgyqH2z-qw16fHAQU3d4AaABAg,0,5년 전,2025-11-26 17:43:06,2025-11-26 17:43:06,
3R6vFdb7YI4,UgyqH2z-qw16fHAQU3d4AaABAg.9ErTfYwl1d69IERAIQokRf,@cmofi2122,일시정지 할줄 모름?,UgyqH2z-qw16fHAQU3d4AaABAg,0,4년 전,2025-11-26 17:43:06,2025-11-26 17:43:06,
3R6vFdb7YI4,UgyKM0tcEW2s-szsYn54AaABAg.9I2cugItRBk9I2gwP_nEEV,@jocoding,"아마 vscode에서 파이썬 인터프리터 설정이 재대로 안된 것 같아요!
좌측 하단에 파이썬 버전이 뜬 것을 선택하셔서 현재 사용하고 계시는 파이썬과 연결해보세요!
혹은 Ctrl + Shift + P 를 누르시고 Python Interpreter를 입력하여 ""Python: Select Interpreter"" 클릭하시면 됩니다!",UgyKM0tcEW2s-szsYn54AaABAg,0,4년 전,2025-11-26 17:43:06,2025-11-26 17:43:06,
3R6vFdb7YI4,UgyKM0tcEW2s-szsYn54AaABAg.9I2cugItRBk9I2jOepOjwr,@akananaqk7108, @jocoding  답변감사하지만 상황은 똑같네요 ㅠㅠ,UgyKM0tcEW2s-szsYn54AaABAg,0,4년 전,2025-11-26 17:43:06,2025-11-26 17:43:06,
3R6vFdb7YI4,UgwpClD7BImnyGVeve54AaABAg.9FQmQs6ZJTQ9FWqJhpxQ44,@jocoding,정확히 표현이 되지 않는다는게 어떤 것인가요?!,UgwpClD7BImnyGVeve54AaABAg,0,5년 전,2025-11-26 17:43:06,2025-11-26 17:43:06,
3R6vFdb7YI4,UgwpClD7BImnyGVeve54AaABAg.9FQmQs6ZJTQ9FaVTZ90TiY,@doramiiikim,위에.프린트 헬로를 적고 재생버튼.클릭 시에 터미널에.표현이 안 돼요ㅠ,UgwpClD7BImnyGVeve54AaABAg,0,5년 전,2025-11-26 17:43:06,2025-11-26 17:43:06,
3R6vFdb7YI4,UgyazGTwyH-lwiWNjbh4AaABAg.9C8lPBLnl7b9C9wZiWZ92o,@jocoding,유튜브 라이브로 방송했어요!ㅎㅎ,UgyazGTwyH-lwiWNjbh4AaABAg,0,5년 전,2025-11-26 17:43:06,2025-11-26 17:43:06,
3R6vFdb7YI4,UgxrYSVQHhgOIPAFaZd4AaABAg.9UKB5HPEEiX9UQ0aVLlPqm,@jocoding,"[1, 'a', 'b', 'c', 4]
이것입니다!",UgxrYSVQHhgOIPAFaZd4AaABAg,1,4년 전,2025-11-26 17:43:06,2025-11-26 17:43:06,
3R6vFdb7YI4,UgxrYSVQHhgOIPAFaZd4AaABAg.9UKB5HPEEiX9UQPCd8LDBK,@thanks1225-h2i, @jocoding  감사합니다~,UgxrYSVQHhgOIPAFaZd4AaABAg,0,4년 전,2025-11-26 17:43:06,2025-11-26 17:43:06,
3R6vFdb7YI4,Ugyn4rIRjCfTu3qmCVl4AaABAg.9MGXrtvJCoZ9MIa88VOy8K,@이치후-p6g,책 28p에 보면 print문을 생략하고 a만 쳐도 a의값을 출력할 수 있다고 하는데 저는 a만치면 값이 안나오는데 어떤차이인가요 ㅠㅠ,Ugyn4rIRjCfTu3qmCVl4AaABAg,0,4년 전,2025-11-26 17:43:06,2025-11-26 17:43:06,
3R6vFdb7YI4,Ugyn4rIRjCfTu3qmCVl4AaABAg.9MGXrtvJCoZ9MMXcJd0GPq,@jocoding,"첫번째 댓글은 a.find(""b"")는 메소드에서 return 값이 있어서 나오는 값을 print하는 것이고,  a.append(""시우버"")는 return 값은 없고 a 자체가 변화하도록 만든 것이라 print(a)를 별도로 하게 됩니다 이것은 함수, 클래스 단원을 공부하시면 이해가 되실 겁니다!
추가로 책에서는 IDLE을 사용하여 프로그래밍 하는데 그것은 print 문이 없어도 입력하는 것이 바로 출력되도록 되어있습니다.",Ugyn4rIRjCfTu3qmCVl4AaABAg,0,4년 전,2025-11-26 17:43:06,2025-11-26 17:43:06,
3R6vFdb7YI4,UgwkHXIPNOyy69AVMQt4AaABAg.9D8U0d5fQ-E9DBudQgRUlM,@비정한세상,개같은 세상..피 토하는 음악..ㄷ,UgwkHXIPNOyy69AVMQt4AaABAg,1,5년 전,2025-11-26 17:43:06,2025-11-26 17:43:06,
3R6vFdb7YI4,UgwkHXIPNOyy69AVMQt4AaABAg.9D8U0d5fQ-E9DDj5sM1VMJ,@jocoding,이지스퍼블리싱 출판사의 점프 투 파이썬이라는 책입니다!,UgwkHXIPNOyy69AVMQt4AaABAg,1,5년 전,2025-11-26 17:43:06,2025-11-26 17:43:06,
3R6vFdb7YI4,UgwbJSNBjiVzIXNFzX54AaABAg.9FlG2NldbxV9FmhFCUr98W,@jocoding,"http://www.openbookproject.net/courses/webappdev/units/softwaredesign/resources/install_python_win7.html
You can do it by looking at the guide above!",UgwbJSNBjiVzIXNFzX54AaABAg,1,5년 전,2025-11-26 17:43:06,2025-11-26 17:43:06,
3R6vFdb7YI4,UgwbJSNBjiVzIXNFzX54AaABAg.9FlG2NldbxV9Fo0bJGUgmq,@belkiskb2842, @jocoding   thank you so much <3,UgwbJSNBjiVzIXNFzX54AaABAg,0,5년 전,2025-11-26 17:43:06,2025-11-26 17:43:06,
3R6vFdb7YI4,UgyK6DwKGpXTp3OhsAR4AaABAg.9duYcWjs9zC9dzWR-b4EPk,@jocoding,"해당 설명은 아래와 같은 것입니다.
b = 3
a = ""I eat b apples""
print(a)

이러면 아래와 같이 출력됩니다.
I eat b apples

이렇게 안되고 b를 변수로 받아서 쓰려면 아래와 같이 써야합니다.
b = 3
a = ""I eat + str(b) + apples""
print(a)

이렇게 하는 것이 귀찮으니 포메팅을 사용하는 것입니다!",UgyK6DwKGpXTp3OhsAR4AaABAg,0,3년 전,2025-11-26 17:43:06,2025-11-26 17:43:06,
3R6vFdb7YI4,UgyK6DwKGpXTp3OhsAR4AaABAg.9duYcWjs9zC9e000ZlX4PN,@안다미로-n2j, @jocoding  이해 되었어요! 알려주셔서 감사합니다,UgyK6DwKGpXTp3OhsAR4AaABAg,1,3년 전,2025-11-26 17:43:06,2025-11-26 17:43:06,
3R6vFdb7YI4,UgxE4fE3BOMno154-Wl4AaABAg.9J3DrSO72Q59J5kvZj1A1C,@jocoding,파이썬 버전을 확인해주세요!,UgxE4fE3BOMno154-Wl4AaABAg,0,4년 전,2025-11-26 17:43:06,2025-11-26 17:43:06,
3R6vFdb7YI4,UgxE4fE3BOMno154-Wl4AaABAg.9J3DrSO72Q59J5rvFi7nC6,@나다-y2n, @jocoding  3.9.1버전인데ㅠ 업데이트가 되어서 저렇게 나오는 것일까요..?,UgxE4fE3BOMno154-Wl4AaABAg,0,4년 전(수정됨),2025-11-26 17:43:06,2025-11-26 17:43:06,
3R6vFdb7YI4,UgyuhsWx8aS2lBUBUcd4AaABAg.9INiwnVAewj9IOoZa9OBkr,@한건우-x1m,"아마 중간에 오타가 나신거 같아요!
저는 제대로 나오네요
invalid syntax에러는 문법상 오류이기 때문에 금방 해결 하실 수 있을거에요!
>>> a=1
>>> print(a)
1",UgyuhsWx8aS2lBUBUcd4AaABAg,0,4년 전,2025-11-26 17:43:06,2025-11-26 17:43:06,
3R6vFdb7YI4,Ugx0Y_GP07-rf_aN1q94AaABAg.9HvZcvRK3K99I4SBFQQNdq,@jocoding,"a,b,c가 나오는 것이 정상입니다!",Ugx0Y_GP07-rf_aN1q94AaABAg,0,4년 전,2025-11-26 17:43:06,2025-11-26 17:43:06,
3R6vFdb7YI4,Ugx0Y_GP07-rf_aN1q94AaABAg.9HvZcvRK3K99INLZ2I7JQi,@gdes7329,"그 보시다 시피 안에 넣은 글자가 ""a""b""c""가 들어같으니abc가 당연히 나오는게 정상이에요 그리고 print는 a안에 abc를 넣는다를 print로 보이게 만드는게 되는거에요",Ugx0Y_GP07-rf_aN1q94AaABAg,0,4년 전,2025-11-26 17:43:06,2025-11-26 17:43:06,
3R6vFdb7YI4,UgxrEjb8GUqFEq1PvPV4AaABAg.9SDnS5eMmkf9SEufin2sLg,@jocoding,"python extension이 잘 설치가 안된 것 같습니다!
visual studio code 익스텐션에서 python을 검색해서 재설치 후 다시 실행해보세요!",UgxrEjb8GUqFEq1PvPV4AaABAg,1,4년 전,2025-11-26 17:43:06,2025-11-26 17:43:06,
3R6vFdb7YI4,UgxrEjb8GUqFEq1PvPV4AaABAg.9SDnS5eMmkf9SFNCkuliFA,@Ddang_gle, @jocoding  감사합니다 됐어요!!,UgxrEjb8GUqFEq1PvPV4AaABAg,0,4년 전,2025-11-26 17:43:06,2025-11-26 17:43:06,
3R6vFdb7YI4,UgxXkaHJuVz_MhOMMlx4AaABAg.9GU3wu7JgoE9GXJ5FGfE_9,@jocoding,"visual studio code 최신 버전인지, python 익스텐션이 잘 설치되어있는지 확인해보세요!",UgxXkaHJuVz_MhOMMlx4AaABAg,0,4년 전,2025-11-26 17:43:06,2025-11-26 17:43:06,
3R6vFdb7YI4,UgxXkaHJuVz_MhOMMlx4AaABAg.9GU3wu7JgoE9HdWAHad6ff,@공돌이지망생-f6q,저도아돼요,UgxXkaHJuVz_MhOMMlx4AaABAg,0,4년 전,2025-11-26 17:43:06,2025-11-26 17:43:06,
3R6vFdb7YI4,UgxbUN1typnWH_6wbgR4AaABAg.9Fq_wrhFAlN9Fsok1aY-Tp,@jocoding,"1. 정수 2개는 아래와 같이 표현할 수 있습니다.
a = ""정수 2개는 %d %d"" % (1,1)
=> ""정수 2개는 1 1"" 

2. 대소문자 다 구분합니다! (name O, Name X)

3. 한글도 쓸 수 있지만 영어로 변수를 만드는 것이 표준이며 추후 인코딩이나 협업관련으로 문제가 될 수 있습니다.",UgxbUN1typnWH_6wbgR4AaABAg,0,5년 전,2025-11-26 17:43:06,2025-11-26 17:43:06,
3R6vFdb7YI4,UgxbUN1typnWH_6wbgR4AaABAg.9Fq_wrhFAlN9FsrmKXlxkl,@Mungtaengit, @jocoding  감사합니다!,UgxbUN1typnWH_6wbgR4AaABAg,1,5년 전,2025-11-26 17:43:06,2025-11-26 17:43:06,
3R6vFdb7YI4,Ugw-kvgNjpvF6NSNzCR4AaABAg.9BDHA1p2AIJ9BEtT6NAkzd,@jocoding,"cmd나 terminal 창에서 해보시면 소리가 나실거에요! IDLE 등에서 소리가 나지 않는 이유는 아래와 같습니다.
https://stackoverflow.com/questions/13313440/why-isnt-print-a-working-in-idle",Ugw-kvgNjpvF6NSNzCR4AaABAg,0,5년 전,2025-11-26 17:43:06,2025-11-26 17:43:06,
3R6vFdb7YI4,Ugw3wG0IbeY9kvrh35p4AaABAg.9K4lM_CQh619K4ucMqa0F6,@jocoding,1강에서 vscode 설치 후 설치한 python extension이 정상적으로 설치되었는지 확인해보세요!,Ugw3wG0IbeY9kvrh35p4AaABAg,0,4년 전,2025-11-26 17:43:06,2025-11-26 17:43:06,
3R6vFdb7YI4,Ugx47SjBYynQxJgDUdV4AaABAg.9M92RLiD56A9MA6xb6zYV8,@jocoding,"https://youtu.be/yytWGELNeOI?t=1028
여기 17분 8초에 나오는 python 익스텐션을 설치하고 다시 vscode를 실행하시면 똑같이 되실겁니다!",Ugx47SjBYynQxJgDUdV4AaABAg,0,4년 전,2025-11-26 17:43:06,2025-11-26 17:43:06,
3R6vFdb7YI4,Ugx47SjBYynQxJgDUdV4AaABAg.9M92RLiD56A9MB6auUdIUw,@이명광-k9j, @jocoding  네 감사하고 이런 영상 올려주셔서 정말 정말 감사합니다,Ugx47SjBYynQxJgDUdV4AaABAg,0,4년 전,2025-11-26 17:43:06,2025-11-26 17:43:06,
3R6vFdb7YI4,Ugz9IxY8svrDrLi5ZYR4AaABAg.9ESNVRb7cwF9ESNh7-jf8w,@Jj___mn,저런 검은색 화면이 안나와서..,Ugz9IxY8svrDrLi5ZYR4AaABAg,2,5년 전,2025-11-26 17:43:06,2025-11-26 17:43:06,
3R6vFdb7YI4,Ugz9IxY8svrDrLi5ZYR4AaABAg.9ESNVRb7cwF9ESNqb0SVio,@jocoding,https://youtu.be/yytWGELNeOI,Ugz9IxY8svrDrLi5ZYR4AaABAg,1,5년 전,2025-11-26 17:43:06,2025-11-26 17:43:06,
3R6vFdb7YI4,Ugz9IxY8svrDrLi5ZYR4AaABAg.9ESNVRb7cwF9ESNrsIwqqG,@jocoding,이전 1강 영상을 참고해주세요!,Ugz9IxY8svrDrLi5ZYR4AaABAg,1,5년 전,2025-11-26 17:43:06,2025-11-26 17:43:06,
3R6vFdb7YI4,Ugw4lryzK9fOHvZzIJp4AaABAg.9NQsIzwk9V_9NUrjelUE6P,@jocoding,"함수(메소드)마다 적용되는 것이 다른데 a.replace()의 경우 a를 변형시키지 않고 a.pop의 경우 a를 변형시킵니다!
이건 각각 메소드의 내부 코드가 동작하는 특징에 의한 것이라 return 값의 여부가 아닌 그 메소드가 a를 변형 시키는 것인지가 더 포인트입니다!",Ugw4lryzK9fOHvZzIJp4AaABAg,0,4년 전,2025-11-26 17:43:06,2025-11-26 17:43:06,
3R6vFdb7YI4,UgysLiCDKW-oNVCGvHJ4AaABAg.9O_ZxQ5Dqm89OcDNR4gvJQ,@jocoding,"총 자리수를 맞추기 위해 왼쪽에 간격을 두는 것의 간격입니다!
ex) 10.4f  # 소수점 4자리까지 표현하고 총 자리수를 10으로 맞춤",UgysLiCDKW-oNVCGvHJ4AaABAg,0,4년 전,2025-11-26 17:43:06,2025-11-26 17:43:06,
3R6vFdb7YI4,UgysLiCDKW-oNVCGvHJ4AaABAg.9O_ZxQ5Dqm89OcRhdDusDT,@pvjin6450, @jocoding  감사합니다 그런데 총 자리수라고 하시는 게 정수부분과 소수점자리를 합한 수를 말씀하시는건가요?,UgysLiCDKW-oNVCGvHJ4AaABAg,0,4년 전,2025-11-26 17:43:06,2025-11-26 17:43:06,
3R6vFdb7YI4,Ugzw4OI7QZhwqB3vof14AaABAg.9WlZMcAKCsp9WlrGQ7bT1N,@jocoding,"a.append('d')를 하면 a라는 변수에 담긴 리스트에 변화가 생기게 됩니다.
그 리스트에 변화를 주는 append를 하는 행위에 print로 출력을 해봤자 return 되는 값이 없어서 아무것도 안나오는데 변화의 결과가 담긴 a변수를 출력하는 print(a)를 해야지 결과를 볼 수 있습니다.
설명이 조금 복잡한데 ""함수"" 단원에서 return 값의 개념을 배우시면 조금 더 이해가 쉬우실 것 같습니다!",Ugzw4OI7QZhwqB3vof14AaABAg,0,3년 전(수정됨),2025-11-26 17:43:06,2025-11-26 17:43:06,
3R6vFdb7YI4,Ugzw4OI7QZhwqB3vof14AaABAg.9WlZMcAKCsp9WmhGWAHOEL,@se2-r2i, @jocoding  감사해용^,Ugzw4OI7QZhwqB3vof14AaABAg,0,3년 전,2025-11-26 17:43:06,2025-11-26 17:43:06,
3R6vFdb7YI4,Ugyknba3e_Kw5zf9piN4AaABAg.9B371nKfJmt9B3DBjkfUIb,@jocoding,"이지스퍼블리싱 출판사의 ""점프 투 파이썬"" 입니다!ㅎㅎ",Ugyknba3e_Kw5zf9piN4AaABAg,0,5년 전(수정됨),2025-11-26 17:43:06,2025-11-26 17:43:06,
3R6vFdb7YI4,Ugyknba3e_Kw5zf9piN4AaABAg.9B371nKfJmt9B3DNCW3W7H,@sangDu-park,감사합니다!,Ugyknba3e_Kw5zf9piN4AaABAg,1,5년 전,2025-11-26 17:43:06,2025-11-26 17:43:06,
3R6vFdb7YI4,UgzLkNpjxbf46P_-I5F4AaABAg.9B5WxGQO1tJ9B5d3wzs3c8,@jocoding,"프리놈이라는 사이트를 통해 .ga와 같은 무료 도메인을 등록할 수도 있습니다!
https://youtu.be/-vGJJi1tqW4",UgzLkNpjxbf46P_-I5F4AaABAg,0,5년 전,2025-11-26 17:43:06,2025-11-26 17:43:06,
3R6vFdb7YI4,UgzWwi13EeYs08y8e2t4AaABAg.9GMIy9GXCMd9GMhRegn2TW,@jocoding,흠.. 괄호가 들어간 폴더명 때문일 수 있으니 폴더를 새로 만들어서 해보세요! 파이썬 익스텐션 설치도 잘 되었는지 확인해보세요!,UgzWwi13EeYs08y8e2t4AaABAg,0,5년 전,2025-11-26 17:43:06,2025-11-26 17:43:06,
3R6vFdb7YI4,UgzWwi13EeYs08y8e2t4AaABAg.9GMIy9GXCMd9IN5Q15awhP,@전강석,저도 그렇습니다... 밑에 명령어 python hello.py로 실행하면 되는데 재생버튼은 왜 안되는지..,UgzWwi13EeYs08y8e2t4AaABAg,0,4년 전,2025-11-26 17:43:06,2025-11-26 17:43:06,
3R6vFdb7YI4,Ugw6eeB7pgxLlgs37tp4AaABAg.9HjPbEvYhzI9HlCejXpppD,@jocoding,IDEL에서 실행하시면 자동으로 출력이 되기 때문에 print를 안써줘도 되지만 일반적으로 코드를 실행할때 결과를 확인하고자 한다면 print가 필요합니다!,Ugw6eeB7pgxLlgs37tp4AaABAg,0,4년 전,2025-11-26 17:43:06,2025-11-26 17:43:06,
3R6vFdb7YI4,Ugw6eeB7pgxLlgs37tp4AaABAg.9HjPbEvYhzI9INLqcAIpr_,@gdes7329,"그 당연히 print는 코드를  소환한다! 이런식으로 보면되요 그 만약 
a = 1를 입력하고 실행시켜요 그럼 아무수도 나오지않아요 그래서 print(a)를 적어야 1이라는 숫자가 나오는것처럼요",Ugw6eeB7pgxLlgs37tp4AaABAg,0,4년 전,2025-11-26 17:43:06,2025-11-26 17:43:06,
3R6vFdb7YI4,UgxZzxEiYvEWu4jrK214AaABAg.9E8xemUDO0S9E9JRUcBwSM,@jocoding,visual stuido code 최신 버전을 설치하시고 python 익스텐션을 설치하시면 나오실거에요!,UgxZzxEiYvEWu4jrK214AaABAg,1,5년 전,2025-11-26 17:43:06,2025-11-26 17:43:06,
3R6vFdb7YI4,UgytUTTV4Of9EakH1wZ4AaABAg.9Q5BI6CAggm9Q6-Ojc7aYG,@jocoding,아뇨 2**3이 삼승이고 2**4가 4승입니다!,UgytUTTV4Of9EakH1wZ4AaABAg,0,4년 전,2025-11-26 17:43:06,2025-11-26 17:43:06,
3R6vFdb7YI4,UgxjgyGLPjEabYb0U7R4AaABAg.9LQWz_jO-2n9LTufprIwXx,@jocoding,"흠.. 파이썬 path 설정에 뭔가 오류가 있는 것 같아요!
파이썬을 설치하실때 Add Path를 체크하고 다시 설치해보시는 것도 좋을 것 같습니다.",UgxjgyGLPjEabYb0U7R4AaABAg,0,4년 전,2025-11-26 17:43:06,2025-11-26 17:43:06,
3R6vFdb7YI4,UgzTM160lfuG0eCL6394AaABAg.9KhgA1Glhdv9KiHSbOCiCy,@jocoding,"순차적으로 생각하시면 이해하시기 좋을 것 같아요!
마치 수학에서 2 * 3 * 4를 계산한다고 하면 먼저 2*3을 해서 6을 만들면 결국 6*3이랑 같은 것 처럼
a[4][1]도 a[4]는 ['김재원','mansesamdori']이기에 ['김재원','mansesamdori'][1]과 같습니다.
즉  ['김재원','mansesamdori']의 1번째 인덱스는 mansesamdori이죠!",UgzTM160lfuG0eCL6394AaABAg,1,4년 전,2025-11-26 17:43:06,2025-11-26 17:43:06,
3R6vFdb7YI4,UgzTM160lfuG0eCL6394AaABAg.9KhgA1Glhdv9Kk3xF0xIQK,@해준-g4v,"​ @jocoding  아  다시 한번 써보면서 하니까 이해헀어요 감사합니다 ㅠ a = [""a"" , ""b"" ,[""안녕"",""잘가""] 라고 되있으면 a , b , 안녕 , 잘가 라고 개인이되는게아닌
a , b , [안녕,잘가] <-- 안녕,잘가라는쪽이 하나의 변수?리스트?로 되는거군요 맞나요!",UgzTM160lfuG0eCL6394AaABAg,0,4년 전(수정됨),2025-11-26 17:43:06,2025-11-26 17:43:06,
3R6vFdb7YI4,Ugy0vzOv94-jqMh0vQl4AaABAg.9FmYousZ8eI9Fmvapll7ZQ,@jocoding,잘못된 구문으로 인해 오류가 발생한 것인데 특별히 잘못된 구문은 없는데 이상하군요.. vscode에서 작성하고 실행하신 것인가요?,Ugy0vzOv94-jqMh0vQl4AaABAg,0,5년 전,2025-11-26 17:43:06,2025-11-26 17:43:06,
3R6vFdb7YI4,UgzZAGQwFZZgpUx3USd4AaABAg.9DSJcE-U59y9DSK3sycIQf,@조민혁-g1j,"a=""""""LIfe is too short
... You need python"""""" 이렇게 쳐도
'LIfe is too short\nYou need python'  이렇게 출력됩니다
 왜 유튜브 댓글에서만 \이게 되는지 모르겠어요 파이썬에 입력하면 원 표시로 나오는데",UgzZAGQwFZZgpUx3USd4AaABAg,1,5년 전,2025-11-26 17:43:06,2025-11-26 17:43:06,
3R6vFdb7YI4,UgzZAGQwFZZgpUx3USd4AaABAg.9DSJcE-U59y9DSeC-Nk9vT,@jocoding,원 표시랑 같은 기능입니다! 한국 키보드에서는 그렇게 뜨는데 실제로 기능은 똑같이 동작할겁니다,UgzZAGQwFZZgpUx3USd4AaABAg,0,5년 전,2025-11-26 17:43:06,2025-11-26 17:43:06,
3R6vFdb7YI4,UgxvRq9w0U6xa6jphHN4AaABAg.9KPgExNYkRB9KS8u38hZiJ,@jocoding,죄송합니다ㅠㅠ 이거 영상 편집의 오류입니다! 풀버전 보시면 512311이 나오는 부분이 있는데 건너뛰어 편집이 되었습니다ㅠㅠ,UgxvRq9w0U6xa6jphHN4AaABAg,0,4년 전,2025-11-26 17:43:06,2025-11-26 17:43:06,
3R6vFdb7YI4,Ugw0gKwKDk2WMEa4WlZ4AaABAg.9GpykN8UxnS9GqizmMbIm1,@jocoding,"함수랑 메소드의 차이인데요! 후반부에 함수, 클래스 부분을 배우시면 조금 더 이해가 쉬우실 것 같습니다.
print()는 함수여서 괄호 안쪽에 인자를 넣어줄 수 있고, .sort()는 a에서 쓸 수 있는 메소드여서 .으로 사용합니다.
a.sort()는 메소드의 return 값이 없기 때문에 none으로 뜬 것입니다!",Ugw0gKwKDk2WMEa4WlZ4AaABAg,0,4년 전,2025-11-26 17:43:06,2025-11-26 17:43:06,
3R6vFdb7YI4,Ugw0gKwKDk2WMEa4WlZ4AaABAg.9GpykN8UxnS9GqpTQspQZn,@salvare070, @jocoding  답변감사합니다! 강의를 더 보면서 이해해야겠네요 ㅎㅎ,Ugw0gKwKDk2WMEa4WlZ4AaABAg,1,4년 전,2025-11-26 17:43:06,2025-11-26 17:43:06,
3R6vFdb7YI4,UgxKQKDz61UNd7ljIwR4AaABAg.9TamDgBpgy59Tdfj_KqsXI,@jocoding,"아래 링크에서 구입하실 수 있습니다!

책 구매하기 : https://coupa.ng/bDJBfK
(위 링크는 쿠팡 파트너스와 연결된 링크로 구매에 따른 일정액의 수수료를 지급받을 수 있습니다.)",UgxKQKDz61UNd7ljIwR4AaABAg,0,4년 전,2025-11-26 17:43:06,2025-11-26 17:43:06,
3R6vFdb7YI4,UgxKQKDz61UNd7ljIwR4AaABAg.9TamDgBpgy59Tdg1sG_f3k,@VectorINTJ, @jocoding  감사합니다,UgxKQKDz61UNd7ljIwR4AaABAg,1,4년 전,2025-11-26 17:43:06,2025-11-26 17:43:06,
3R6vFdb7YI4,Ugyg9Vx4j9wtz6Wsk_d4AaABAg.9FYmbibYeqT9FZEvOuy4-Q,@jocoding,visual studio code 최신 버전을 설치하시고 Python Extension을 설치하시면 나올거에요!,Ugyg9Vx4j9wtz6Wsk_d4AaABAg,0,5년 전,2025-11-26 17:43:06,2025-11-26 17:43:06,
3R6vFdb7YI4,UgweiBDinRSquGpY5Xt4AaABAg.9BxtRW47USn9ByQyH0e7GG,@jocoding,"이지스퍼블리싱 출판사 ""점프 투 파이썬""이라는 책입니다!
https://coupa.ng/bDJBfK",UgweiBDinRSquGpY5Xt4AaABAg,0,5년 전,2025-11-26 17:43:06,2025-11-26 17:43:06,
3R6vFdb7YI4,UgweiBDinRSquGpY5Xt4AaABAg.9BxtRW47USn9BySmVua4J2,@DHFC08, @jocoding 감사합니다~,UgweiBDinRSquGpY5Xt4AaABAg,0,5년 전,2025-11-26 17:43:06,2025-11-26 17:43:06,
3R6vFdb7YI4,Ugy5AEybIdllTHI7dGF4AaABAg.9MTO09HWHGJ9MWwIrGXGXo,@jocoding,"뒤에 함수 단원을 배우시면 이해가 되실 수 있을 것 같아요!
함수의 return 값이 있는지 없는지 차이인데 후반부에 가시면 이해가 되실 것 같습니다 :)",Ugy5AEybIdllTHI7dGF4AaABAg,0,4년 전,2025-11-26 17:43:06,2025-11-26 17:43:06,
3R6vFdb7YI4,UgxLUXeOXBd3QSRJdLd4AaABAg.9ObVwHnnFFE9OhEc49omO0,@jocoding,이유는 파이썬 만드신 분이 정한 것이라 함수마다 다르니 사용할 때마다 찾아보고 사용해야한다는 것이 맞을 것 같아요! 마치 한글의 띄어쓰기나 맞춤법도 그냥 누가 정해놓은 문법을 따라야하는 것과 유사합니다.,UgxLUXeOXBd3QSRJdLd4AaABAg,1,4년 전(수정됨),2025-11-26 17:43:06,2025-11-26 17:43:06,
3R6vFdb7YI4,UgyT3KfU8nYUijk0eSl4AaABAg.9KHasuhEwxo9KHvEqvkeBA,@jocoding,"흠 IDLE로 해보았을때는 15자리까지 나오는데 이상하군요.. 줄이는 표시 관련해서는 아래 게시물을 참고해주세요!
https://dpdpwl.tistory.com/94",UgyT3KfU8nYUijk0eSl4AaABAg,0,4년 전,2025-11-26 17:43:06,2025-11-26 17:43:06,
3R6vFdb7YI4,UgyT3KfU8nYUijk0eSl4AaABAg.9KHasuhEwxo9KIAZ-p3Aco,@jaehokim6574, @jocoding  감사 드립니다. ~,UgyT3KfU8nYUijk0eSl4AaABAg,0,4년 전,2025-11-26 17:43:06,2025-11-26 17:43:06,
3R6vFdb7YI4,UgwiMvdefXL3OFZ6Nzh4AaABAg.9R30i2-qVxG9R3CWio8qYB,@HD-vx2tf,그냥 책갈피 인데..?,UgwiMvdefXL3OFZ6Nzh4AaABAg,0,4년 전,2025-11-26 17:43:06,2025-11-26 17:43:06,
3R6vFdb7YI4,UgyiDK4Nnqb4OLePL7N4AaABAg.9QbbTqsYm8N9QhW2WflLfY,@jocoding,1강 참고하셔서 python extension 설치하시면 생깁니다!,UgyiDK4Nnqb4OLePL7N4AaABAg,1,4년 전,2025-11-26 17:43:06,2025-11-26 17:43:06,
3R6vFdb7YI4,Ugz3L3m96xq0CcgZ5rJ4AaABAg.9PQIa7vZkv69PVPMqt5rrb,@mnjn77,14:48,Ugz3L3m96xq0CcgZ5rJ4AaABAg,0,4년 전,2025-11-26 17:43:06,2025-11-26 17:43:06,
3R6vFdb7YI4,UgyBGmGzXGbC0BtwFoF4AaABAg.9UF1XXCGl_m9UFnTYBiwMC,@jocoding,"변수를 넣기 위함입니다!
예를들어 복잡한 수식이 있을때 이를 계산한 결과를 직접 따옴표("""")안에 계산 후 넣기보다는 컴퓨터에게 계산을 맡기고 넣는게 더 편해서 해당 구문을 씁니다.

num = 23*41+126
a = ""I eat %d apples"" %num
print(a)
결과: I eat 1069 apples

---

num = 23*41+126
a = ""I eat num apples""
print(a)
결과: I eat num apples",UgyBGmGzXGbC0BtwFoF4AaABAg,1,4년 전,2025-11-26 17:43:06,2025-11-26 17:43:06,
3R6vFdb7YI4,UgyBGmGzXGbC0BtwFoF4AaABAg.9UF1XXCGl_m9UFzjdY_IdF,@thanks1225-h2i, @jocoding  답변 감사합니다~,UgyBGmGzXGbC0BtwFoF4AaABAg,1,4년 전,2025-11-26 17:43:06,2025-11-26 17:43:06,
3R6vFdb7YI4,Ugw9HCwMPsoS2d7R0R94AaABAg.9Hq_w1TtH5d9IHYe5Elfdd,@박정우-u1v6p,"html css javascript를 이용해 input을 이용하면 어느정도 될것 같네요. google클론만들기 강의가 서비스를 구현할때 도움이 됩니다. 그다음은 자바스크립트로 스타크래프트만들기, 실전 수익형 웹서비스 만들기 순으로 강의를 듣고 학습하는것을 추천드립니다. 웹이 아니라 앱을 배우길 원하시면 리액트정도가 좋을것 같네요.",Ugw9HCwMPsoS2d7R0R94AaABAg,0,4년 전,2025-11-26 17:43:06,2025-11-26 17:43:06,
3R6vFdb7YI4,UgzCydoge_su8j_PGJh4AaABAg.9IHlxE5Mz5P9IHmKKMZYkp,@아니이게,"r = e + a
입니다.",UgzCydoge_su8j_PGJh4AaABAg,3,4년 전,2025-11-26 17:43:06,2025-11-26 17:43:06,
3R6vFdb7YI4,UgzPDXghRycUr_QsQOl4AaABAg.9Fn3cbtXABa9Fn__c21xIi,@jocoding,"https://youtu.be/yytWGELNeOI
여기 나온 대로 설치하시면 됩니다!",UgzPDXghRycUr_QsQOl4AaABAg,0,5년 전,2025-11-26 17:43:06,2025-11-26 17:43:06,
3R6vFdb7YI4,UgzSQnPYZOJxMTYUBrd4AaABAg.9Hl9PvKBDet9HoPzb2R5Nl,@jocoding,"https://youtube.com/playlist?list=PLU9-uwewPMe2AX9o9hFgv-nRvOcBdzvP5
편집본이 조금 어려우시다면 라이브 풀버전 방송을 참고해주세요!",UgzSQnPYZOJxMTYUBrd4AaABAg,0,4년 전,2025-11-26 17:43:06,2025-11-26 17:43:06,
3R6vFdb7YI4,UgyC8c9cRtUH5WKUTOZ4AaABAg.9IZ97JUZjDX9IZdpNd56_j,@한건우-x1m,">>> ""I ate %s apples. so I was sick for %s days. "" % (number, day)
'I ate 10 apples. so I was sick for three days. '
>>>
>>> a = ""I ate %s apples. so I was sick for %s days. "" % (number, day)
>>> a
'I ate 10 apples. so I was sick for three days. '

지금 말씀하신걸 들어봐선 터미널 창에서 실행하신거 같은데, 입력을 출력으로 보신거 같기도 하고 정확하게 진단하긴 어렵네요 ㅠㅠ
그런데 문자열 포맷팅 자체는 변수에 할당하든 할당하지 않든 동일하게 작동하게 되어있습니다
혹시 visual studio code 내에서 실행 해보시겠어요?",UgyC8c9cRtUH5WKUTOZ4AaABAg,0,4년 전,2025-11-26 17:43:06,2025-11-26 17:43:06,
3R6vFdb7YI4,UgyC8c9cRtUH5WKUTOZ4AaABAg.9IZ97JUZjDX9IZtMdLjFiB,@haze8295," @한건우-x1m   건우님 답변 감사드립니다. number = 3 하고 run, day = 3 하고 run 이렇게 한줄씩 run을 하니 입력이 되더라구요.  이렇게 하나 출력을 해야되는지 몰랐습니다..^^  답변 감사드립니다..!",UgyC8c9cRtUH5WKUTOZ4AaABAg,0,4년 전,2025-11-26 17:43:06,2025-11-26 17:43:06,
3R6vFdb7YI4,Ugz08_vYdHi9mI4gCNV4AaABAg.9JwFiLu164D9Jyw9Yy4kJ3,@jocoding,점프 투 파이썬 입니다!,Ugz08_vYdHi9mI4gCNV4AaABAg,0,4년 전,2025-11-26 17:43:06,2025-11-26 17:43:06,
3R6vFdb7YI4,UgzzHBYnebXvSzEDknt4AaABAg.9JweI2JthMf9JywdIPqKuu,@jocoding,"https://www.jetbrains.com/ko-kr/pycharm/download/#section=windows
여기 오른쪽 커뮤니티 버전을 다운로드 하시면 무료로 사용하실 수 있습니다!",UgzzHBYnebXvSzEDknt4AaABAg,1,4년 전,2025-11-26 17:43:06,2025-11-26 17:43:06,
3R6vFdb7YI4,UgzzHBYnebXvSzEDknt4AaABAg.9JweI2JthMf9Jyx35aFcuX,@user-be2bv8zy6u," @jocoding  오오 무료가 있었군요!!!
(저걸 왜 못봤지) 답변 정말정말 감사드립니다!!ㅠㅜ",UgzzHBYnebXvSzEDknt4AaABAg,1,4년 전,2025-11-26 17:43:06,2025-11-26 17:43:06,
3R6vFdb7YI4,UgzzsnvpbzJ_aMIHCqx4AaABAg.9N-QB79IWcC9N-XUz1AU-a,@jocoding,각각의 용도가 조금씩 다릅니다! 일일히 나열하면 정말 많은데 그냥 생각없이 쓰다보면 익숙해지면서 어떨때 어떤 것을 쓰는지 패턴이 보이실 겁니다!,UgzzsnvpbzJ_aMIHCqx4AaABAg,0,4년 전,2025-11-26 17:43:06,2025-11-26 17:43:06,
3R6vFdb7YI4,UgzzsnvpbzJ_aMIHCqx4AaABAg.9N-QB79IWcC9N1ghdFSkUg,@페연-v6d, @jocoding  책없이 이 강의 보고있는데 이해하기가 힘드네용 ㅠㅠ 역시 책을 사야하는걸까요?,UgzzsnvpbzJ_aMIHCqx4AaABAg,0,4년 전,2025-11-26 17:43:06,2025-11-26 17:43:06,
3R6vFdb7YI4,UgyuYUAb8E8lPkqvpRx4AaABAg.9GN0O1lTguv9GPQFvVNdDv,@jocoding,"파이썬도 코드가 틀리면 수정할 수 있어요!
https://opentutorials.org/module/3431/20322
프로세싱의 개념은 위 영상을 참고해주세요!",UgyuYUAb8E8lPkqvpRx4AaABAg,0,5년 전,2025-11-26 17:43:06,2025-11-26 17:43:06,
3R6vFdb7YI4,UgzkxYdEV55HmGcLBw14AaABAg.9P303ydFGJ19PtWCYGcJg4,@impl.dev1113,저도....,UgzkxYdEV55HmGcLBw14AaABAg,0,4년 전,2025-11-26 17:43:06,2025-11-26 17:43:06,
3R6vFdb7YI4,UgzMIZWzPgV8YSIRKoJ4AaABAg.9DBKv12blqb9DFN63Cb_bT,@jocoding,아직은 채널에 해당 내용의 영상은 없습니다!ㅠ,UgzMIZWzPgV8YSIRKoJ4AaABAg,0,5년 전,2025-11-26 17:43:06,2025-11-26 17:43:06,
3R6vFdb7YI4,UgznThhl0TPHnjhespl4AaABAg.9ID3veNHQ3j9IELmtS4-NV,@한건우-x1m,"print()를 밑에 한번 더 써주셔도 되고 아니면 print(""\n"") 이라고 쓰셔도 줄바꿈이 생길거에요!",UgznThhl0TPHnjhespl4AaABAg,1,4년 전,2025-11-26 17:43:06,2025-11-26 17:43:06,
3R6vFdb7YI4,UgwECmRn11ipJaUQmcB4AaABAg.9VXE2X8RXmK9VXg9bSrLPv,@jocoding,좋은 말씀 감사합니다!ㅎㅎ 화이팅입니다!,UgwECmRn11ipJaUQmcB4AaABAg,0,3년 전,2025-11-26 17:43:06,2025-11-26 17:43:06,
3R6vFdb7YI4,Ugy5VNOs5L8ZxMeSWrh4AaABAg.9H75_q51VR89H7rInoXIUs,@jocoding,"ㅠㅠ 너무 영상이 길어져서 짧게 편집하려다보니 많이 끊겼네요!
아래 풀 버전 영상을 보시면 라이브와 똑같이 따라오실 수 있습니다 
https://www.youtube.com/playlist?list=PLU9-uwewPMe2L7dC2us_C3LLwDL9vHQIx",Ugy5VNOs5L8ZxMeSWrh4AaABAg,0,4년 전,2025-11-26 17:43:06,2025-11-26 17:43:06,
3R6vFdb7YI4,UgxrWvPSILNXnmFxMs94AaABAg.9Lk8V-98AuF9Lm-RfIhxml,@jocoding,파이썬을 실행할때 경로까지 나와서 길게 나오는 것입니다!,UgxrWvPSILNXnmFxMs94AaABAg,0,4년 전,2025-11-26 17:43:06,2025-11-26 17:43:06,
3R6vFdb7YI4,Ugy8xQmhmy0ADv0FKl94AaABAg.9MxelBsCEM19MxuZPac011,@jocoding,점프 투 파이썬입니다!,Ugy8xQmhmy0ADv0FKl94AaABAg,0,4년 전,2025-11-26 17:43:06,2025-11-26 17:43:06,
3R6vFdb7YI4,Ugy8xQmhmy0ADv0FKl94AaABAg.9MxelBsCEM19MxurQUi5eV,@정준서-k7y,@조코딩 JoCoding알려주셔서 감사합니다,Ugy8xQmhmy0ADv0FKl94AaABAg,0,4년 전,2025-11-26 17:43:06,2025-11-26 17:43:06,
3R6vFdb7YI4,Ugx-eZTHZ6kAW5TT_hV4AaABAg.9VxMhvLa6bK9WKQQfbBlog,@jocoding,"exit code 0은 프로그램이 정상적으로 실행되었다는 뜻입니다!
print()구문을 잘 넣고 저장을 하셨는지 해당 파일을 실행한 것이 맞는지 확인해보세요!",Ugx-eZTHZ6kAW5TT_hV4AaABAg,0,3년 전,2025-11-26 17:43:06,2025-11-26 17:43:06,
3R6vFdb7YI4,UgyayT55cYx5CPTviVt4AaABAg.9HdVpqe7f0n9Hg1WBY-tdm,@jocoding,python 확장 프로그램이 설치가 안되신 것 같아요! 1강에 나왔던 익스텐션 설치를 해주시기 바랍니다 :),UgyayT55cYx5CPTviVt4AaABAg,0,4년 전,2025-11-26 17:43:06,2025-11-26 17:43:06,
3R6vFdb7YI4,UgyayT55cYx5CPTviVt4AaABAg.9HdVpqe7f0n9HgNhe4Op-P,@공돌이지망생-f6q,감사합니다,UgyayT55cYx5CPTviVt4AaABAg,0,4년 전,2025-11-26 17:43:06,2025-11-26 17:43:06,
3R6vFdb7YI4,UgwcshT8hQVNTfx3M1l4AaABAg.9HyrSb3dzSR9I-E13y07-a,@0119-w8n,저도 재생버튼이 없습니다..ㅜㅜ,UgwcshT8hQVNTfx3M1l4AaABAg,1,4년 전,2025-11-26 17:43:06,2025-11-26 17:43:06,
3R6vFdb7YI4,UgwcshT8hQVNTfx3M1l4AaABAg.9HyrSb3dzSR9I2s8sD-Jm1,@jocoding,"vscode에서 python 익스텐션이 재대로 설치가 안된 경우에 그럴 수 있습니다!
python 익스텐션 삭제 후 재실행하시고 다시 python 익스텐션을 설치해보세요!",UgwcshT8hQVNTfx3M1l4AaABAg,0,4년 전,2025-11-26 17:43:06,2025-11-26 17:43:06,
3R6vFdb7YI4,UgwARggML0ZvYz4gt9x4AaABAg.9BPlPoFqk9B9BRPUlPRPiP,@jocoding,👍,UgwARggML0ZvYz4gt9x4AaABAg,0,5년 전,2025-11-26 17:43:06,2025-11-26 17:43:06,
3R6vFdb7YI4,UgwARggML0ZvYz4gt9x4AaABAg.9BPlPoFqk9B9BdC2o9M7a_,@잠꾸러기-m4w,❓,UgwARggML0ZvYz4gt9x4AaABAg,0,5년 전,2025-11-26 17:43:06,2025-11-26 17:43:06,
3R6vFdb7YI4,UgwGN9SSk2HLvpjeEVx4AaABAg.9IvcCsK0Vfv9IvilzXP1nJ,@neju5340,/n 말고 ＼n일거에요 백슬래시요,UgwGN9SSk2HLvpjeEVx4AaABAg,1,4년 전,2025-11-26 17:43:06,2025-11-26 17:43:06,
3R6vFdb7YI4,Ugw6XLVBLN3EeVgUbrl4AaABAg.9KTTmCfta1k9KTbO5etIpK,@jocoding,"윈도우 ""시작""을 누르고 IDLE를 쳐보시면 나오실겁니다!",Ugw6XLVBLN3EeVgUbrl4AaABAg,0,4년 전(수정됨),2025-11-26 17:43:06,2025-11-26 17:43:06,
3R6vFdb7YI4,Ugxh7enykWs40zQwyKZ4AaABAg.9JABGOeTCSV9JbDC3AqQXU,@정정윤-w8m,"변수.함수의 경우 자료형의 메써드(method)라는 것으로 선언된 것입니다.
문자열.split()이나 리스트.append() 등이 있죠. 이런 경우 앞의 변수에 다른 작업을 진행하는 함수인 경우입니다.

반면 함수(변수)의 경우 자료형의 메써드로써 선언된 것이 아니라 단순히 선언된 것입니다.
isdigit()이나 print() 등이 있죠. 이런 경우 한 가지 자료형에서만 쓸 수 있는 것이 아닌 여러 자료형에서 사용할 수 있습니다.

print()같은 경우 어떤 자료형을 넣어도 작동하게 되죠.

이해가 잘 되지 않으신다면 답글로 남겨주세요",Ugxh7enykWs40zQwyKZ4AaABAg,0,4년 전,2025-11-26 17:43:06,2025-11-26 17:43:06,
3R6vFdb7YI4,UgxI93uHUD0dA6UV3o14AaABAg.9Dz-9BZJjS79E5rwPapHL3,@jocoding,"이지스 퍼블리싱 출판사의 ""점프 투 파이썬""입니다!
책 구매하기 : https://coupa.ng/bDJBfK
(위 링크는 쿠팡 파트너스와 연결된 링크로 구매에 따른 일정액의 수수료를 지급받을 수 있습니다.)",UgxI93uHUD0dA6UV3o14AaABAg,0,5년 전,2025-11-26 17:43:06,2025-11-26 17:43:06,
3R6vFdb7YI4,UgwXn79jUEihvfZp5094AaABAg.9B2pRJAwvzf9B3DQtKrBOq,@jocoding,"요약본으로 편집하다보니 좀 빨라졌네요ㅠㅠ 아래 풀버전 영상으로 보시면 조금 더 보시기 편하실 것 같아요!
https://youtu.be/3bKQ83hpZ-E",UgwXn79jUEihvfZp5094AaABAg,0,5년 전,2025-11-26 17:43:06,2025-11-26 17:43:06,
3R6vFdb7YI4,UgzTAtgIEYfcNyveh1p4AaABAg.9LEVWiGbYdm9LEb5RhbVxb,@jocoding,교재에서는 IDLE를 사용합니다! 따라서 기본적으로 >>> 표시가 있고 엔터를 누르면 바로 실행결과가 아래에 나오는데 저는 IDLE이 불편해서 vscode로 출력 print()구문을 추가 작성하며 강의하였습니다.,UgzTAtgIEYfcNyveh1p4AaABAg,0,4년 전,2025-11-26 17:43:06,2025-11-26 17:43:06,
3R6vFdb7YI4,UgwgMuXoraj_ITX6KpN4AaABAg.9Pj5vrrTNku9PjcpForZg8,@jocoding,왼쪽 맨아래의 아이콘을 눌러서 python 확장 모듈을 설치해주세요!,UgwgMuXoraj_ITX6KpN4AaABAg,0,4년 전,2025-11-26 17:43:06,2025-11-26 17:43:06,
3R6vFdb7YI4,UgwQj1SYZ5E9lksH_yp4AaABAg.9Hl9YiaESX39HoPz0b99p4,@jocoding,"https://youtube.com/playlist?list=PLU9-uwewPMe2AX9o9hFgv-nRvOcBdzvP5
편집본이 조금 어려우시다면 라이브 풀버전 방송을 참고해주세요!",UgwQj1SYZ5E9lksH_yp4AaABAg,0,4년 전,2025-11-26 17:43:06,2025-11-26 17:43:06,
3R6vFdb7YI4,Ugzno10Tw0eqJDP_ZOB4AaABAg.9INReZdvDDU9IQE-v2EX3N,@blue93-l2i,저도 이상하다 싶은데,Ugzno10Tw0eqJDP_ZOB4AaABAg,0,4년 전,2025-11-26 17:43:06,2025-11-26 17:43:06,
3R6vFdb7YI4,Ugzno10Tw0eqJDP_ZOB4AaABAg.9INReZdvDDU9IVAR_cAtYW,@한건우-x1m,오.. 예리하신듯,Ugzno10Tw0eqJDP_ZOB4AaABAg,0,4년 전,2025-11-26 17:43:06,2025-11-26 17:43:06,
3R6vFdb7YI4,Ugy94RMV01vfKAfFg1p4AaABAg.9IawzlgGJKP9IbOK7VNrzm,@한건우-x1m,"네네 맞습니다
' 나 "" 로 둘러싸여 있는건 항상 문자열이라고 생각하시면 됩니다!",Ugy94RMV01vfKAfFg1p4AaABAg,2,4년 전,2025-11-26 17:43:06,2025-11-26 17:43:06,
3R6vFdb7YI4,UgyR6YT_GW9W32z_yAF4AaABAg.9KL7e3tHglx9KLVX_-OTly,@jocoding,한국어도 되지만 웬만하면 영어로 하시는게 좋습니다!,UgyR6YT_GW9W32z_yAF4AaABAg,0,4년 전,2025-11-26 17:43:06,2025-11-26 17:43:06,
3R6vFdb7YI4,UgwofxWdjy9NTJqFqER4AaABAg.9EoiMOBOL4o9ExSgded1AS,@jocoding,이지스퍼블리싱의 책을 기반으로 작성된 것이라 PPT 공유는 어려울 것 같습니다ㅠ,UgwofxWdjy9NTJqFqER4AaABAg,2,5년 전(수정됨),2025-11-26 17:43:06,2025-11-26 17:43:06,
3R6vFdb7YI4,UgwIUHKq6hZQEu_OfcR4AaABAg.9EBGaEpGNx79EBnhhFLUW8,@jocoding,저는 개인적으로는 책보다는 강의 추천드립니다!,UgwIUHKq6hZQEu_OfcR4AaABAg,1,5년 전,2025-11-26 17:43:06,2025-11-26 17:43:06,
3R6vFdb7YI4,UgwIUHKq6hZQEu_OfcR4AaABAg.9EBGaEpGNx79EBoWrp01N8,@qnwkehlwk100, @jocoding  알겠습니다!!조코딩님 강의 열심하 보겠습니다 혹시 파이썬으로 인공지능도 만들수 있다고 들었는데 인공지능 강의편도 만들어 주실 수 있나요??,UgwIUHKq6hZQEu_OfcR4AaABAg,0,5년 전,2025-11-26 17:43:06,2025-11-26 17:43:06,
3R6vFdb7YI4,UgyQoRyH9j1DkJcs5014AaABAg.9Dypp-OIBHM9E5rkXt4qxw,@jocoding,이 영상 강의와 함께 보시려면 점프 투 파이썬 추천드립니다!,UgyQoRyH9j1DkJcs5014AaABAg,0,5년 전(수정됨),2025-11-26 17:43:06,2025-11-26 17:43:06,
3R6vFdb7YI4,Ugxgf1T5ZZePvdVUWPd4AaABAg.9BRJpURgAIO9BRObLGUEQr,@jocoding,좋은 지적 감사드립니다! 변수와 등호를 처음 접하시는 분들을 위해 개념을 간단히 추상적으로만 설명하였는데 좀 더 자세한 내용은 3강(책의 2장) 변수 부분에서 말씀하신 부분에 대한 내용을 다룹니다 :),Ugxgf1T5ZZePvdVUWPd4AaABAg,0,5년 전,2025-11-26 17:43:06,2025-11-26 17:43:06,
3R6vFdb7YI4,Ugwnv9Bh03utdxmZ5wV4AaABAg.9Gx3rv6y45V9GybMjfTqGT,@jocoding,Ctrl + F5로 실행하실 수 있습니다!,Ugwnv9Bh03utdxmZ5wV4AaABAg,0,4년 전,2025-11-26 17:43:06,2025-11-26 17:43:06,
3R6vFdb7YI4,Ugxdqp_5uJoC1WFff7F4AaABAg.9M94nFPNNVX9MA7-xz130q,@jocoding,엇 아닙니다ㅋㅋ 다른분입니다!,Ugxdqp_5uJoC1WFff7F4AaABAg,0,4년 전,2025-11-26 17:43:06,2025-11-26 17:43:06,
3R6vFdb7YI4,Ugxdqp_5uJoC1WFff7F4AaABAg.9M94nFPNNVX9MAf1EeUlfX,@BBB-ec4hm, @jocoding  아 글쿤요 죄송합니다;;  파이썬 강의 잘 보고있습니다 감사합니다~,Ugxdqp_5uJoC1WFff7F4AaABAg,0,4년 전,2025-11-26 17:43:06,2025-11-26 17:43:06,
3R6vFdb7YI4,UgwWVbdznwTs3Xq6IbZ4AaABAg.9GmrmHrVq3h9GqlSVU0CpP,@jocoding,감사합니다. 설치 후에는 외부 라이브러리를 다운받거나 외부 API 요청을 하지 않는 이상 인터넷 없이 사용할 수 있습니다!,UgwWVbdznwTs3Xq6IbZ4AaABAg,1,4년 전,2025-11-26 17:43:06,2025-11-26 17:43:06,
3R6vFdb7YI4,UgwWVbdznwTs3Xq6IbZ4AaABAg.9GmrmHrVq3h9Gqog1FAStX,@ABAD312, @jocoding  감사합니다^^,UgwWVbdznwTs3Xq6IbZ4AaABAg,1,4년 전,2025-11-26 17:43:06,2025-11-26 17:43:06,
3R6vFdb7YI4,Ugxup6J6ozW4deXCmSB4AaABAg.9LGPAi0LY8U9LGwTa_cCqj,@jocoding,이거 편집 오류가 좀 있어서 잘못된 부분이 들어갔습니다ㅠ 말씀하신 게 맞습니다!,Ugxup6J6ozW4deXCmSB4AaABAg,0,4년 전,2025-11-26 17:43:06,2025-11-26 17:43:06,
3R6vFdb7YI4,UgwQ7dBlcU1CtJZ4VCh4AaABAg.9H4oCWRtKZb9H50tPpMhXY,@jocoding,"변수를 쉽게 넣기 위함입니다! 물론 숫자를 텍스트로 쓰면 그대로 쓸 수 있긴한데 number라는 변수를 활용하려면
""i ate number apples""로 하면 안되니 ""i ate ""+number+""apples""라고 써줘야하는데 그 더하기 쓰기가 귀찮아서 저렇게 쓰는 것입니다!",UgwQ7dBlcU1CtJZ4VCh4AaABAg,0,4년 전,2025-11-26 17:43:06,2025-11-26 17:43:06,
3R6vFdb7YI4,UgzkAoTWbNmAboIKPaJ4AaABAg.9Bj4_IKv1XK9BnuJFD714A,@jocoding,visual studio code를 재설치 해보시거나 아래 명령어창에 python 파일명.py 를 입력하셔도 실행하실 수 있습니다!,UgzkAoTWbNmAboIKPaJ4AaABAg,0,5년 전,2025-11-26 17:43:06,2025-11-26 17:43:06,
3R6vFdb7YI4,UgwZ1_iusFpf5XCVlXd4AaABAg.9D6gxBU2ymX9D7PavDeJQG,@jocoding,"뒤에 함수 단윈에서 조금 더 자세히 나오는데요!
https://youtu.be/jRsXLEPnd6Q?t=258
여기 4분 18초 부근 처럼  return 값이 있는지 없는지 여부에 따라서 달라지는데 remove 함수는 return 값이 없는 함수로 None으로 나왔습니다! 그러나 a 자체는 변화하여 print(a)를 그 다음줄에 해보시면 똑같이 변화하였을 겁니다!",UgwZ1_iusFpf5XCVlXd4AaABAg,1,5년 전,2025-11-26 17:43:06,2025-11-26 17:43:06,
3R6vFdb7YI4,Ugwl7Y4t78OfTw1zU1F4AaABAg.9UWW2b08FVz9UWWJQdRYf_,@쩌리-e9y,13:29 에서 b랑 그 뒤에 -2 슬라이싱 한 값이랑 달라서 좀 이해하기 힘들었네요 제일 뒤에서부터 두칸씩 앞으로 읽는 거네요,Ugwl7Y4t78OfTw1zU1F4AaABAg,1,4년 전,2025-11-26 17:43:06,2025-11-26 17:43:06,
3R6vFdb7YI4,UgzPUaQ-UaR_BDtwtFR4AaABAg.9RGSAv3JAhH9RGT14xpZur,@jocoding,Ctrl하고 + 키를 누르면 커집니다!,UgzPUaQ-UaR_BDtwtFR4AaABAg,0,4년 전,2025-11-26 17:43:06,2025-11-26 17:43:06,
3R6vFdb7YI4,UgzPUaQ-UaR_BDtwtFR4AaABAg.9RGSAv3JAhH9RGTjUlTPQd,@SmoonUsun, @jocoding  감사합니다 영상덕분에 중학생인데도 열심히 코딩공부 하게 되네요 정말 감사합니다,UgzPUaQ-UaR_BDtwtFR4AaABAg,0,4년 전(수정됨),2025-11-26 17:43:06,2025-11-26 17:43:06,
3R6vFdb7YI4,Ugyv5h2PTfcKrQ0gclh4AaABAg.9IvjpssrQf79J-rKw7TmXj,@jocoding,""""""" """"""은 열 상관 없이 문자열 자료형을 입력할 수 있습니다!",Ugyv5h2PTfcKrQ0gclh4AaABAg,1,4년 전,2025-11-26 17:43:06,2025-11-26 17:43:06,
3R6vFdb7YI4,UgzcfZ_WqoJleOPz7Ql4AaABAg.9DjqzT8cC919IERDLm4Y60,@cmofi2122,일시정지 할줄 모름?     그리고 여러가지로 나누면 영상 몇백개 넘어가요 님,UgzcfZ_WqoJleOPz7Ql4AaABAg,0,4년 전,2025-11-26 17:43:06,2025-11-26 17:43:06,
3R6vFdb7YI4,UgzcfZ_WqoJleOPz7Ql4AaABAg.9DjqzT8cC919IESqrVfDtN,@닉이다막혔누," @cmofi2122  숫자형 문자형 리스트형
이렇게 나눠자른 영상이 있다면 좋겠다는건데..",UgzcfZ_WqoJleOPz7Ql4AaABAg,0,4년 전,2025-11-26 17:43:06,2025-11-26 17:43:06,
3R6vFdb7YI4,UgzcfZ_WqoJleOPz7Ql4AaABAg.9DjqzT8cC919IETnTJpdVw,@cmofi2122, @닉이다막혔누  자료형이 한 리스트에요  예를들어 영어 8품사면 한영상에 명사 동사 형용사 8개 다 설명하는게 낫지  한영상에 명사 한영상에 동사 귀찮게 누가 올립니까,UgzcfZ_WqoJleOPz7Ql4AaABAg,0,4년 전,2025-11-26 17:43:06,2025-11-26 17:43:06,
3R6vFdb7YI4,UgzcfZ_WqoJleOPz7Ql4AaABAg.9DjqzT8cC919IETvTC0RLv,@cmofi2122, @닉이다막혔누  그리고 저거 안빠르고 쉽게 설명하는편입니다.  다른 유명 유료강의 들어보면 한영상에 저것보다 더 많이 나가고 빨리 가르치고요. 저걸로 독학하는데 문제 없는데            그리고 구지 책갈피 10:00 이렇게 할수 있는데,UgzcfZ_WqoJleOPz7Ql4AaABAg,0,4년 전(수정됨),2025-11-26 17:43:06,2025-11-26 17:43:06,
3R6vFdb7YI4,UgzcfZ_WqoJleOPz7Ql4AaABAg.9DjqzT8cC919IFN3sWwHb1,@닉이다막혔누," @cmofi2122  아니 그런다고 왜 화를 내요
알겠어요
님 말이 다 맞네요",UgzcfZ_WqoJleOPz7Ql4AaABAg,0,4년 전,2025-11-26 17:43:06,2025-11-26 17:43:06,
3R6vFdb7YI4,UgyBoTSJw-4zSPQlg354AaABAg.9BUYRk3wMrA9BV0An_yN4K,@jocoding,중3이면 엄청 빠르신겁니다! 당연히 원하시는 꿈 무엇이든 이룰 수 있는 나이입니다ㅎㅎ 3강 편집본은 방금 올렸어요!,UgyBoTSJw-4zSPQlg354AaABAg,0,5년 전,2025-11-26 17:43:06,2025-11-26 17:43:06,
3R6vFdb7YI4,UgyBoTSJw-4zSPQlg354AaABAg.9BUYRk3wMrA9HdY5JZJLeJ,@kyumanrho8847,대단한 친구네... 나 중3 때 뭐하고 있었지... 워크 카오스 하고 있었나...? ㅜㅜ 대한민국의 미래가 밝군요,UgyBoTSJw-4zSPQlg354AaABAg,0,4년 전,2025-11-26 17:43:06,2025-11-26 17:43:06,
3R6vFdb7YI4,UgwIoF226vNSieGYKwF4AaABAg.9DwtP70AAjw9DxWVeFXbPl,@jocoding,와 다행이네요!ㅎㅎ 좋게 봐주셔서 감사합니다 :),UgwIoF226vNSieGYKwF4AaABAg,0,5년 전,2025-11-26 17:43:06,2025-11-26 17:43:06,
3R6vFdb7YI4,UgwmJ2y98UWxyQ7xAd14AaABAg.9P30iTZ0J6p9P4Pz_m0qLL,@jocoding,오 1일 1강의 감사합니다!,UgwmJ2y98UWxyQ7xAd14AaABAg,0,4년 전,2025-11-26 17:43:06,2025-11-26 17:43:06,
3R6vFdb7YI4,Ugw1d-a1i2osK19LySp4AaABAg.9DbtDOQJog09DfWEdk2Vtt,@jocoding,좋게 봐주셔서 감사합니다ㅎㅎ,Ugw1d-a1i2osK19LySp4AaABAg,0,5년 전,2025-11-26 17:43:06,2025-11-26 17:43:06,
3R6vFdb7YI4,Ugy8bksc9TidbSDIqWp4AaABAg.9BeH4BG0uwU9BisaG5sOJm,@jocoding,개정판 여부에 따라 페이지가 조금 달라질 수 있을 것 같아요! 페이지에 상관 없이 그 장에 연습문제를 푸시면 되겠습니다 :),Ugy8bksc9TidbSDIqWp4AaABAg,0,5년 전,2025-11-26 17:43:06,2025-11-26 17:43:06,
3R6vFdb7YI4,Ugxshlp6f-trNca94gl4AaABAg.9B2hH_HD2tT9B2hadhlwH9,@jocoding,안녕하세요 거니꺼니님 ^ 0 ^,Ugxshlp6f-trNca94gl4AaABAg,0,5년 전,2025-11-26 17:43:06,2025-11-26 17:43:06,
3R6vFdb7YI4,Ugxshlp6f-trNca94gl4AaABAg.9B2hH_HD2tT9B2iny6FQKC,@거니꺼니-v6x, @jocoding  안녕하세요,Ugxshlp6f-trNca94gl4AaABAg,0,5년 전,2025-11-26 17:43:06,2025-11-26 17:43:06,
3R6vFdb7YI4,Ugwvg5ARXfdX8q7tcBt4AaABAg.9LbiHBDeh--9LcfBZ6AJuP,@jocoding,좋은 질문입니다! 뒤에 함수 단원을 배우시면 이해가 되실 수 있을텐데 함수에서 return 되는 값이 있으면 그걸 변수에 담아서 print할 수 있고 변수에 담지 않고 바로 return 값을 print 함수의 인자로 넣어서 출력할 수도 있습니다. 함수 단원을 배우시면 자연스레 익히실 수 있으니 지금은 참고만 해주시고 넘어가셔도 좋습니다!,Ugwvg5ARXfdX8q7tcBt4AaABAg,1,4년 전(수정됨),2025-11-26 17:43:06,2025-11-26 17:43:06,
3R6vFdb7YI4,UgxKO8Ohm7XVaZr9BbB4AaABAg.9BpESXEP96V9BrUqF4MinB,@jocoding,한국 키보드의 경우 돈의 원 표시를 백슬래시에 넣어두었는데 그것 때문에 그렇습니다! 기능적으로는 같은 역할을 하니 그걸 눌러서 사용하시면 됩니다!,UgxKO8Ohm7XVaZr9BbB4AaABAg,0,5년 전,2025-11-26 17:43:06,2025-11-26 17:43:06,
3R6vFdb7YI4,Ugz_uAy1QAA_jrqemjR4AaABAg.9FfXi7Mtj6i9Fg6s6D1nfS,@jocoding,Ctrl + F5를 누르시면 됩니다!,Ugz_uAy1QAA_jrqemjR4AaABAg,4,5년 전,2025-11-26 17:43:06,2025-11-26 17:43:06,
3R6vFdb7YI4,Ugz_uAy1QAA_jrqemjR4AaABAg.9FfXi7Mtj6i9IyvhwlpxNS,@정소영-f2y2p, @jocoding  저도 ㅎㅎ 찾고있었어요 ㅎㅎ,Ugz_uAy1QAA_jrqemjR4AaABAg,0,4년 전,2025-11-26 17:43:06,2025-11-26 17:43:06,
3R6vFdb7YI4,UgxgdHvtFWyBQawcsGF4AaABAg.9B9Us9dsBpU9BApPYtKgmc,@jocoding,"와 하루만에 다봐주시다니 감사합니다!
저는 책으로 거의 공부한 적이 없어서 도서는 잘모르겠습니다ㅠ
배울 수 있는 곳이 정말 많지만 저는 아래 사이트들을 추천드리고 싶습니다.

1. 생활코딩 : 한글로된 영상으로 차근차근 기초부터 배우고 싶으시다면  ""생활코딩"" 강의를 추천드립니다. 강사님이 설명을 정말 잘해주시고 모든 강의가 무료입니다.
HTML: https://opentutorials.org/course/3084
CSS: https://opentutorials.org/course/3086
Javascript: https://opentutorials.org/course/3085

2. CodeCademy : 영어로 되어있긴 하지만 개념 정리와 함께 미션을 통해 바로 실습을 하며 익힐 수 있어서 빠르게 배울 수 있습니다. 이것도 일부 기능을 제외하고 HTML CSS의 개념은 무료입니다.
HTML: https://www.codecademy.com/learn/learn-html
CSS: https://www.codecademy.com/learn/learn-css

3. 멋쟁이 사자처럼(코드라이언) : Learn by Doing을 중심으로 강의가 진행되어 직접 만들어보면서 배우기 좋은 플랫폼입니다.
https://www.codelion.net/

HTML, CSS, JS등 프론트 엔드 기술을 학습하신 후에는 프레임워크를 활용하여 웹을 개발해보시는 것을 추천드립니다. 추천 사이트로는

1. 인프런, 구름EDU : 다양한 강좌들이 있으며 한글 강의로만 되어있습니다. 유료도 있지만 무료 강의도 많이 있어 부담없이 배우기 좋습니다.
https://www.inflearn.com/
https://edu.goorm.io/

2. udemy : 영어에 어느 정도 자신이 있으시다면 추천해 드리는 사이트입니다. 전 세계에서 정말 많은 사람이 코딩을 배우는 플랫폼이며 잘 가르쳐주시는 강사님들이 많습니다. 다양한 유료 및 무료 강의가 많이 있습니다. 유료 강의 구매 시 주의 사항으로는 세일을 안하는 날이 더 적을 정도로 세일을 많이 하니 꼭 세일기간을 활용하여 유료강의를 구매하시는 것을 추천드립니다.
http://bit.ly/UdemY",UgxgdHvtFWyBQawcsGF4AaABAg,0,5년 전(수정됨),2025-11-26 17:43:06,2025-11-26 17:43:06,
3R6vFdb7YI4,UgxgdHvtFWyBQawcsGF4AaABAg.9B9Us9dsBpU9BBrYEf1Hih,@이다옴이," @jocoding   답변 주셔서 너무 감사합니다^^
지금 강의하시는 도서도 구매 신청하고 파이썬 관련 자료들 찾아보고 있었는데
알려주신 주소로 진득히 공부해봐야겠습니다
영상 몇번씩 재생해서 보고있는데 내용들이 너무 매력적이라 재미있는거 같아요
앞으로도 좋은 영상 부탁 드려요",UgxgdHvtFWyBQawcsGF4AaABAg,1,5년 전,2025-11-26 17:43:06,2025-11-26 17:43:06,
3R6vFdb7YI4,UgzucRr2paiEpf-KRCx4AaABAg.9EtKJuwTzTk9ExSG_tJ4ep,@jocoding,"이지스퍼블리싱의 점프 투 파이썬입니다!
책 구매하기 : https://coupa.ng/bDJBfK",UgzucRr2paiEpf-KRCx4AaABAg,0,5년 전,2025-11-26 17:43:06,2025-11-26 17:43:06,
3R6vFdb7YI4,UgzqcnAj0R-HjrW-OPZ4AaABAg.9HJ4DPAp4lf9HJXm3wBPR3,@jocoding,엇 괜찮습니다ㅋㅋ,UgzqcnAj0R-HjrW-OPZ4AaABAg,0,4년 전,2025-11-26 17:43:06,2025-11-26 17:43:06,
3R6vFdb7YI4,UgwyhfisbTmbQjgE0lV4AaABAg.9B5QCUu_-lv9B5cyMXaMdS,@jocoding,오 그렇게 봐주셔서 감사합니다 ㅎㅎ 라이브 참여도 감사드려요!,UgwyhfisbTmbQjgE0lV4AaABAg,0,5년 전,2025-11-26 17:43:06,2025-11-26 17:43:06,
3R6vFdb7YI4,Ugyy3-WM7ZQJtpBJnRN4AaABAg.9HltqcNf6U-9HoPQCcpZY6,@jocoding,꾸준히 반복학습하시다보면 더 잘되실겁니다 :),Ugyy3-WM7ZQJtpBJnRN4AaABAg,0,4년 전,2025-11-26 17:43:06,2025-11-26 17:43:06,
3R6vFdb7YI4,UgxAnpcliwbroyrkIv94AaABAg.9Hh7AwAUf9e9Hj1Y6SGVav,@jocoding,감사합니다 저도 잘부탁드립니다!,UgxAnpcliwbroyrkIv94AaABAg,0,4년 전,2025-11-26 17:43:06,2025-11-26 17:43:06,
3R6vFdb7YI4,UgzasYop4edeer136G14AaABAg.9DH26cVkNWG9DJ4mpiJzh_,@jocoding,https://youtu.be/1M9EOxQIT7k 풀버전도 있습니다!,UgzasYop4edeer136G14AaABAg,0,5년 전,2025-11-26 17:43:06,2025-11-26 17:43:06,
3R6vFdb7YI4,UgwTVfgnK36hJ-wd0lZ4AaABAg.9TW6D6VPV-x9TW6Fnhd3yp,@smjo15-b4x,이렇게입력하면왜답이안나올까요?,UgwTVfgnK36hJ-wd0lZ4AaABAg,0,4년 전,2025-11-26 17:43:06,2025-11-26 17:43:06,
3R6vFdb7YI4,Ugy-jBQVDbH74n2bs1Z4AaABAg.9QJaooDQK0_9QQPStkeNrJ,@jocoding,"https://youtube.com/playlist?list=PLU9-uwewPMe2L7dC2us_C3LLwDL9vHQIx
천천히 진행하는 라이브 풀 버전도 있으니 참고해주세요! :)",Ugy-jBQVDbH74n2bs1Z4AaABAg,0,4년 전,2025-11-26 17:43:06,2025-11-26 17:43:06,
3R6vFdb7YI4,UgyDkajMkVbxQh9z5yx4AaABAg.9B2hZ5KWezF9B2hdgYnqQg,@jocoding,오 출연해주셔서 감사합니다!ㅋㅋ,UgyDkajMkVbxQh9z5yx4AaABAg,0,5년 전,2025-11-26 17:43:06,2025-11-26 17:43:06,
3R6vFdb7YI4,UgyDkajMkVbxQh9z5yx4AaABAg.9B2hZ5KWezF9B2hjQxDkOf,@경상국립대학교, @jocoding  자본이 부족합니다 다음에 자본 버프 받아서 해드려야 겠습니다 ㅠㅠ,UgyDkajMkVbxQh9z5yx4AaABAg,1,5년 전,2025-11-26 17:43:06,2025-11-26 17:43:06,
3R6vFdb7YI4,UgyDkajMkVbxQh9z5yx4AaABAg.9B2hZ5KWezF9B2iTF49WLc,@jocoding, @경상국립대학교  헉 수업 내용만 편집하다보니 짤렸군요ㅠㅠ,UgyDkajMkVbxQh9z5yx4AaABAg,0,5년 전,2025-11-26 17:43:06,2025-11-26 17:43:06,
3R6vFdb7YI4,UgyDkajMkVbxQh9z5yx4AaABAg.9B2hZ5KWezF9B2iaN744T7,@경상국립대학교, @jocoding  수업 위주니까 괜찮아요 ㅎㅎ 다음에 자본 버프가 와야하는디 ㅠ,UgyDkajMkVbxQh9z5yx4AaABAg,0,5년 전,2025-11-26 17:43:06,2025-11-26 17:43:06,
3R6vFdb7YI4,UgyDkajMkVbxQh9z5yx4AaABAg.9B2hZ5KWezF9BdBsPmBQZ8,@잠꾸러기-m4w,전 1강에서 채팅이 커졌는데 출연료를 안 줘서 아쉬워요ㅠㅠ,UgyDkajMkVbxQh9z5yx4AaABAg,0,5년 전,2025-11-26 17:43:06,2025-11-26 17:43:06,
3R6vFdb7YI4,UgxgTpA-uT6w__Dj_oR4AaABAg.9C9LopZNyzh9C9xAP29S4K,@jocoding,처음에는 조금 어려울 수 있는데 반복 학습하시면 크게 어렵지 않으실거에요! 다 외우려고 하지 말고 그냥 이런게 있구나 정도로 이해하는 것으로 충분합니다. 결국에는 구글에서 찾아보게 됩니다!,UgxgTpA-uT6w__Dj_oR4AaABAg,0,5년 전,2025-11-26 17:43:06,2025-11-26 17:43:06,
3R6vFdb7YI4,UgzqB5bCbxr8axJW_Gh4AaABAg.9B2h2GEVeOj9B2hFZqJNDJ,@jocoding,오 익명님 항상 라이브 참여해주셔서 감사합니다ㅎㅎ,UgzqB5bCbxr8axJW_Gh4AaABAg,0,5년 전,2025-11-26 17:43:06,2025-11-26 17:43:06,
3R6vFdb7YI4,UgzqB5bCbxr8axJW_Gh4AaABAg.9B2h2GEVeOj9B2i05TljYX,@freedamu, @jocoding  좋고 유익한 라이브 해주셔서 감사합니다!,UgzqB5bCbxr8axJW_Gh4AaABAg,1,5년 전,2025-11-26 17:43:06,2025-11-26 17:43:06,
3R6vFdb7YI4,UgwEGsK5TMDlWDP7zlp4AaABAg.9ObsBl5ef619OhFDJzMFj0,@jocoding,라이브 강의가 빠른 호흡으로 편집된 것이라 그정도 걸리는 것이 정상입니다!,UgwEGsK5TMDlWDP7zlp4AaABAg,0,4년 전,2025-11-26 17:43:06,2025-11-26 17:43:06,
3R6vFdb7YI4,UgwhZ6EJFRzCtfIhlMB4AaABAg.9CrZNiIPMOw9CrejAfaqtv,@jocoding,헐 그렇군요!ㅠㅠ 혼란을 드려 죄송합니다. 찾아주셔서 감사합니다!,UgwhZ6EJFRzCtfIhlMB4AaABAg,2,5년 전,2025-11-26 17:43:06,2025-11-26 17:43:06,
3R6vFdb7YI4,UgwhZ6EJFRzCtfIhlMB4AaABAg.9CrZNiIPMOw9CuHDOtM7vh,@박준수-h1h, @jocoding  조코딩님 덕분에 파이썬도 쉽게 입문하였습니다 ~ 항상 감사드려요 !,UgwhZ6EJFRzCtfIhlMB4AaABAg,1,5년 전,2025-11-26 17:43:06,2025-11-26 17:43:06,
3R6vFdb7YI4,UgxkKRngU9ikSas3Es54AaABAg.9G06IUvfvCF9G1l9auhF5I,@jocoding,오 중1이신데 어려울 수 있는 코딩에 도전하는 모습이 멋집니다!ㅎㅎ 코딩 공부 응원하겠습니다! 화이팅!!,UgxkKRngU9ikSas3Es54AaABAg,0,5년 전(수정됨),2025-11-26 17:43:06,2025-11-26 17:43:06,
3R6vFdb7YI4,UgxkKRngU9ikSas3Es54AaABAg.9G06IUvfvCF9G1nMQbrpER,@youtubehandle2, @jocoding  아닙니다 조코딩님 덕분에 희망이 생긴거죠ㅎㅎ,UgxkKRngU9ikSas3Es54AaABAg,0,5년 전,2025-11-26 17:43:06,2025-11-26 17:43:06,
3R6vFdb7YI4,UgxRbk6Y9_I40fI7fdp4AaABAg.9B2hP1oviN79B2hbbKM1iy,@jocoding,오 박정우님 반갑습니다ㅎㅎ,UgxRbk6Y9_I40fI7fdp4AaABAg,0,5년 전,2025-11-26 17:43:06,2025-11-26 17:43:06,
3R6vFdb7YI4,UgwgDsLMFyI0zgfMSZl4AaABAg.9B2hV1AYh4d9B2hfL4k4EB,@jocoding,안녕하세요 박정우님! 라이브 참여해주셔서 감사합니다ㅎㅎ,UgwgDsLMFyI0zgfMSZl4AaABAg,1,5년 전,2025-11-26 17:43:06,2025-11-26 17:43:06,
3R6vFdb7YI4,UgyGbkM3MDrc8jnf9fp4AaABAg.9DfSDxr_0pr9Df_o1UeoKE,@jocoding,오 좋게 봐주셔서 감사합니다!ㅋㅋ,UgyGbkM3MDrc8jnf9fp4AaABAg,0,5년 전,2025-11-26 17:43:06,2025-11-26 17:43:06,
3R6vFdb7YI4,Ugw2CtOnC-YCbMrvBG54AaABAg.9HtdeqagYuF9HtmiZ9vNye,@jocoding,"라이브로 진행한 것이라 너무 길어서 최대한 촘촘히 편집하였습니다!
라이브 버전 그대로 보시려면 아래 링크를 참고해주세요 :)
라이브 풀버전 재생목록 : https://www.youtube.com/playlist?list=PLU9-uwewPMe2L7dC2us_C3LLwDL9vHQIx",Ugw2CtOnC-YCbMrvBG54AaABAg,0,4년 전,2025-11-26 17:43:06,2025-11-26 17:43:06,
3R6vFdb7YI4,Ugy0vpTdIDicTO1QxwV4AaABAg.9JAWTpdI6RW9JB-St-1vFj,@jocoding,오류 말씀해주셔서 감사합니다!! 편집에 조금 더 신경을 썼어야하는데 죄송합니다ㅠ,Ugy0vpTdIDicTO1QxwV4AaABAg,0,4년 전,2025-11-26 17:43:06,2025-11-26 17:43:06,
3R6vFdb7YI4,Ugy0vpTdIDicTO1QxwV4AaABAg.9JAWTpdI6RW9P8B-4F_S59,@riana9586,같은 문제로 혼자 엄청 고민하던 초보자였는데...덕분에 해결하고가요ㅠㅠ감사합니다~,Ugy0vpTdIDicTO1QxwV4AaABAg,0,4년 전,2025-11-26 17:43:06,2025-11-26 17:43:06,
3R6vFdb7YI4,Ugy6JU5AjSO-SotZ77F4AaABAg.9E6tPOBs6049E9IE7td8Hd,@jocoding,"엇 확대가 덜됐군요ㅠ 더 아래쪽에 있는데 결과는 a,b,c로
[""a"",""b"",""c""] 이렇게 되어있는 리스트를 "","".join()을 하면 각 리스트의 요소들이 콤마(,)로 연결됩니다!",Ugy6JU5AjSO-SotZ77F4AaABAg,3,5년 전,2025-11-26 17:43:06,2025-11-26 17:43:06,
3R6vFdb7YI4,UgwMtML9rAgpfaKqImB4AaABAg.9NCvC9MxfW-9NFPZ61BtwJ,@jocoding,Daniel Oh님 화이팅입니다!,UgwMtML9rAgpfaKqImB4AaABAg,1,4년 전,2025-11-26 17:43:06,2025-11-26 17:43:06,
3R6vFdb7YI4,Ugw6_ghnHtnupVCvZFJ4AaABAg.9QMpP7fEeqV9QQRsh5FQWJ,@jocoding,화이팅입니다!,Ugw6_ghnHtnupVCvZFJ4AaABAg,0,4년 전,2025-11-26 17:43:06,2025-11-26 17:43:06,
3R6vFdb7YI4,UgwyddUFPjVCE0w3ta14AaABAg.9B4kMEmg1k69B5c_CzIJrZ,@jocoding,댓글 남겨주셔서 감사합니다!ㅎㅎ,UgwyddUFPjVCE0w3ta14AaABAg,0,5년 전,2025-11-26 17:43:06,2025-11-26 17:43:06,
3R6vFdb7YI4,UgxyeXJm7mEywLNfYnh4AaABAg.9B2hcH-EZdq9B2hjFPmcyr,@jocoding,댓글 남겨주셔서 감사합니다 재윤님 :),UgxyeXJm7mEywLNfYnh4AaABAg,0,5년 전,2025-11-26 17:43:06,2025-11-26 17:43:06,
3R6vFdb7YI4,UgwvKSF1uu20ETF-aOV4AaABAg.9GgMd3ABl1u9GgVJK903XF,@jocoding,파이썬 공부 화이팅입니다!,UgwvKSF1uu20ETF-aOV4AaABAg,0,4년 전,2025-11-26 17:43:06,2025-11-26 17:43:06,
3R6vFdb7YI4,UgzKf7WoVzSp-0UyFmV4AaABAg.9B35_TOfPA19B3Dx_nT9e9,@jocoding,흑ㅠ 파이썬 강의하면서 틈틈히 다른 컨텐츠도 준비해보겠습니다ㅎㅎ,UgzKf7WoVzSp-0UyFmV4AaABAg,0,5년 전,2025-11-26 17:43:06,2025-11-26 17:43:06,
3R6vFdb7YI4,UgzKf7WoVzSp-0UyFmV4AaABAg.9B35_TOfPA19DwGYvNSOpV,@TV-ei6oi, @jocoding  응원합니다,UgzKf7WoVzSp-0UyFmV4AaABAg,0,5년 전,2025-11-26 17:43:06,2025-11-26 17:43:06,
3R6vFdb7YI4,Ugw0pFyK_M0Ueq7CRox4AaABAg.9I0YNGm3SVn9I2rmldUnJq,@jocoding,잘들어주셔서 감사합니다!ㅎㅎ,Ugw0pFyK_M0Ueq7CRox4AaABAg,0,4년 전,2025-11-26 17:43:06,2025-11-26 17:43:06,
3R6vFdb7YI4,UgzsznfGRqfPzAus3Vd4AaABAg.9M224Hrv7g29M4Uc5QwlrR,@jocoding,외우기보다는 직접 많이 해보면서 익히는게 최고인 것 같아요!ㅋㅋ,UgzsznfGRqfPzAus3Vd4AaABAg,0,4년 전,2025-11-26 17:43:06,2025-11-26 17:43:06,
3R6vFdb7YI4,UgwCxMwbFiiyPR5NlHJ4AaABAg.9B7GkG_aYS39B80wZHjR2d,@jocoding,저도 댓글 남겨주셔서 감사드립니다!ㅎㅎ,UgwCxMwbFiiyPR5NlHJ4AaABAg,1,5년 전,2025-11-26 17:43:06,2025-11-26 17:43:06,
3R6vFdb7YI4,UgzThSMCx4HWlSX_kuN4AaABAg.9B2j0VPwHSo9B2j9csrgnc,@jocoding,오 아델른님 안녕하세요ㅎㅎ 라이브 참여 감사합니다! 제가 아델린으로 읽었던 것 같네요ㅋㅋ,UgzThSMCx4HWlSX_kuN4AaABAg,0,5년 전,2025-11-26 17:43:06,2025-11-26 17:43:06,
3R6vFdb7YI4,UgzHyon0CF2-vXB-m0Z4AaABAg.9HoCwsL3Ce39HoNTy0XuiR,@jocoding,좋게 봐주셔서 감사합니다!ㅎㅎ,UgzHyon0CF2-vXB-m0Z4AaABAg,0,4년 전,2025-11-26 17:43:06,2025-11-26 17:43:06,
3R6vFdb7YI4,UgzgklH2VtvfQEWtTZF4AaABAg.9R1XxhNX9VG9R1Y4ozVZ-f,@낭낭또용,흐엉,UgzgklH2VtvfQEWtTZF4AaABAg,0,4년 전,2025-11-26 17:43:06,2025-11-26 17:43:06,
3R6vFdb7YI4,UgwBTShxgLDwL6ZbCE94AaABAg.9QVhZRhBEQE9QYf2QEDDpW,@jocoding,도움이 되셨다니 다행입니다 :),UgwBTShxgLDwL6ZbCE94AaABAg,0,4년 전,2025-11-26 17:43:06,2025-11-26 17:43:06,
3R6vFdb7YI4,UgxFDiGCAdD4wtQj5UN4AaABAg.9I5SptItt4I9I71w0TCkFv,@jocoding,엑셀과 유사한 점이 많은 것 같습니다ㅎㅎ 19:36는 정말 맞습니다! 외울 필요 전혀 없고 실제 활용하면서 대문자로 변환해야할때 아 이런게 있었었지 정도의 생각만 들면 그냥 찾아서 쓰시면 됩니다 :),UgxFDiGCAdD4wtQj5UN4AaABAg,2,4년 전,2025-11-26 17:43:06,2025-11-26 17:43:06,
3R6vFdb7YI4,UgxLuhfIGNpDuN_7HMB4AaABAg.9FqsNZ8Vnkj9FsowFewx3z,@jocoding,오 열심히 봐주셔서 감사합니다!ㅎㅎ 화이팅입니다 :),UgxLuhfIGNpDuN_7HMB4AaABAg,1,5년 전,2025-11-26 17:43:06,2025-11-26 17:43:06,
3R6vFdb7YI4,UgzkKbZshm7ZJmzxt3p4AaABAg.9BdBbnnU6169BfufMTWWbT,@jocoding,ㅋㅋ 코딩 관련 영상 많이보셨군요!,UgzkKbZshm7ZJmzxt3p4AaABAg,0,5년 전,2025-11-26 17:43:06,2025-11-26 17:43:06,
3R6vFdb7YI4,UgxQle8St1d-2dsyG0J4AaABAg.9FC75hznMVS9FE5u4VzjE1,@jocoding,좋게 봐주셔서 감사합니다!ㅎㅎ,UgxQle8St1d-2dsyG0J4AaABAg,0,5년 전,2025-11-26 17:43:06,2025-11-26 17:43:06,
3R6vFdb7YI4,UgxgKeVpruveX-Yn-lZ4AaABAg.9NF53DzGxE-9NFQQff-VnX,@jocoding,감사합니다ㅎㅎ,UgxgKeVpruveX-Yn-lZ4AaABAg,0,4년 전,2025-11-26 17:43:06,2025-11-26 17:43:06,
3R6vFdb7YI4,UgycbIjHBSAGw7wK3cR4AaABAg.9B2tiU_DSCH9B3DpcILRgk,@jocoding,기다려주셔서 감사합니다!ㅎㅎ 다음에는 좀 더 빠르게 편집해볼 수 있도록 하겠습니다 :),UgycbIjHBSAGw7wK3cR4AaABAg,1,5년 전,2025-11-26 17:43:06,2025-11-26 17:43:06,
3R6vFdb7YI4,UgxkUEZmGVp5yhs0hdt4AaABAg.9Hl2nXj2vS09Hl9on_7Rmi,@jocoding,좋게 봐주셔서 감사합니다ㅎㅎ,UgxkUEZmGVp5yhs0hdt4AaABAg,0,4년 전,2025-11-26 17:43:06,2025-11-26 17:43:06,
3R6vFdb7YI4,UgyP2sdIKQ-11Ap2CMV4AaABAg.9EGaS4I6Fkz9EIPoaKfcqt,@jocoding,좋게 봐주셔서 감사합니다! :),UgyP2sdIKQ-11Ap2CMV4AaABAg,0,5년 전,2025-11-26 17:43:06,2025-11-26 17:43:06,
3R6vFdb7YI4,Ugzrb8bJbVG0OsohoDd4AaABAg.9NAA_RdpzCB9NBBbNSfqDW,@jocoding,영상에도 나오지만 외우지는 않아도 됩니다! 필요할때 검색해서 쓰는 습관이 되면 이런게 있었지 정도의 느낌만 가져가시면 됩니다😄,Ugzrb8bJbVG0OsohoDd4AaABAg,0,4년 전,2025-11-26 17:43:06,2025-11-26 17:43:06,
3R6vFdb7YI4,Ugzeaho6o8masYvrakN4AaABAg.9S3pE6hehD_9S4AaGeMWkG,@jocoding,저도 좋은 댓글 감사드립니다!ㅎㅎ,Ugzeaho6o8masYvrakN4AaABAg,0,4년 전,2025-11-26 17:43:06,2025-11-26 17:43:06,
3R6vFdb7YI4,UgzreP1i0v3dVGKg3QR4AaABAg.9R0NoLmOf8f9W9iMJSgWFx,@리-g9c,ㄹㅇ... 같은 내용인데 학교강의는 루즈하게 들림,UgzreP1i0v3dVGKg3QR4AaABAg,0,3년 전,2025-11-26 17:43:06,2025-11-26 17:43:06,
3R6vFdb7YI4,Ugw3ljpEwIklqA-AAFB4AaABAg.9MrRIAaXGg19PCUj7xBRn7,@조강민-z4j,"저도 포임터에서 때려쳤다가 파이썬을 보고 새 생명을 얻었습니다
파이썬은 저와 우리의 여호와시며 생명이십니다",Ugw3ljpEwIklqA-AAFB4AaABAg,0,4년 전,2025-11-26 17:43:06,2025-11-26 17:43:06,
3R6vFdb7YI4,Ugwig8lLFyBYEOQa55N4AaABAg.9K0cL1f7kVg9K3g1ObCsPy,@jocoding,감사합니다ㅎㅎ,Ugwig8lLFyBYEOQa55N4AaABAg,0,4년 전,2025-11-26 17:43:06,2025-11-26 17:43:06,
3R6vFdb7YI4,UgyTSkc0f4TCIZSrCOZ4AaABAg.9EU42ttnLVl9EV085E1f98,@jocoding,와 러시아에서도 봐주시다니 감사합니다!ㅎㅎ,UgyTSkc0f4TCIZSrCOZ4AaABAg,0,5년 전,2025-11-26 17:43:06,2025-11-26 17:43:06,
3R6vFdb7YI4,UgwF_Zt-8JVapVIaiG94AaABAg.9N0Rj4P90xe9T8RGm31OI6,@hwanni6677,ㅋㅋㅋㅋㅋㅋ 공감되네요 ㅋㅋㅋㅋ,UgwF_Zt-8JVapVIaiG94AaABAg,0,4년 전,2025-11-26 17:43:06,2025-11-26 17:43:06,
