author,comment,published,likeCount,reply_to
@jocoding,"뒷 부분이 싱크가 안맞는 오류가 있어서 아래 재생목록을 통해 분할된 강의 수강을 권장드립니다.
https://www.youtube.com/playlist?list=PLU9-uwewPMe05-khW3YcDEaHMk_qA-7lI

교재: 점프 투 파이썬
https://link.coupang.com/a/bIrISW
(이 링크는 쿠팡 파트너스 활동의 일환으로, 이에 따른 일정액의 수수료를 제공받습니다)
위키독스: https://wikidocs.net/book/1

목차
00:00:00 강의 소개
00:00:16 01장 파이썬이란 무엇인가?
00:51:46 02장 파이썬 프로그래밍의 기초, 자료형 (1) - 숫자형, 문자열, 리스트
02:01:11 02장 파이썬 프로그래밍의 기초, 자료형 (2) - 튜플, 딕셔너리, 집합, 불
03:04:09 03장 프로그램의 구조를 쌓는다! 제어문 - 조건문 if, 반복문 for, while
04:18:12 04장 파이썬의 입출력 - 함수, 사용자 입출력, 파일 읽고 쓰기, 프로그램의 입출력
05:33:45 05장 파이썬 날개 달기 - 클래스, 모듈, 패키지, 예외 처리, 내장 함수, 라이브러리
07:01:58 06장 파이썬 프로그래밍, 어떻게 시작해야 할까?
07:29:24 07장 파이썬 날아오르기 - 유니코드, 클로저, 데코레이터, 이터레이터, 제너레이터
07:59:21 08장 정규표현식
08:37:58 VVIP 후원 감사 인사

VVIP 멤버십 후원
빵쌤의 알고리즘님, 그림자그림자님, 라다님, 차딩Chading TV님, 아부심벨님, prochild님, turtleday터틀데이님, AI Beauty Artist님, eyuri chi님, 밤B님, 정진균님, 서보성님, NG K님, Tae hwan Kim님, 엠이에스코리아님, 완벽한올챙이님 감사드립니다.
https://www.youtube.com/@jocoding/join

[🎁2024 통합본 기념 점프 투 파이썬 공부 다짐 댓글 이벤트 당첨자🎁]
당첨을 축하드립니다! 책은 이지스퍼블리싱 출판사에서 이번 주 중으로 보내주실 예정입니다.
점프 투 파이썬 책(20명)
@que_bic
@jjdjimv
@user-tx6rx5jq9o
@BUNGKOOKI
@Kimramen123
@gichan-song
@juhwangdy
@castlejunis7039
@user-ix7dt7nr6x
@zzangkim1596
@chanhood
@kkchong21
@kylekim9079
@hanakim2678
@20918이정우
@user-lr1lf7bt3p
@insaneah6714
@wist000
@enos9149
@youngjunlee5028",2024-07-05T13:01:56Z,53,
@키_작은_꼬마,앗! 아쉽게도 당첨 못됐네요 ㅠㅠ 그래도 교보문고가서 당장 책사서 공부해볼게요★,2024-07-15T00:49:32Z,0,@jocoding
@윤zi존-u7v,감사합니다 꼭 열심히 하겠습니다!!,2024-07-15T01:13:09Z,1,@jocoding
@hjunjour,우와 너무 감사합니다!!! 열심히 할게요🙇🏻‍♀️💪,2024-07-16T11:51:57Z,0,@jocoding
@kkchong21,@jocoding 진짜 감사합니다! 🥹🥹🥹 열심히 볼게요,2024-07-17T09:08:38Z,0,@jocoding
@P-s6w-f4l,"내나이 10대 후반에 비주얼베이직에 C언어와 자바 와 리눅스까지 마스터하고 어도비의 거의 모든 플그램 포샵 일러 인디자인 프리미어와 3D 에프터 이펙터까지,,,
다만 영상 색조정은 다빈치 리졸브가 최강이라서 그것도 마스터 한후 음악 스튜디오의 기반이 되는 DAW와 큐베이스를  끝내고,,
파이썬의 공부가 끝나고 나니까 어언...30살이 다 되어가고 있었다...세상 참..지금은 화이트 해커로 활동 하는데...에휴 젊은 시절이 다 가버려서....
근데 웃기는게 정작 문서작성을 못해서 (ppt) 한달간 워드며 액셀 파워포인트..결국 나중엔 액셀의 매크로 또한 커스텀화 시켜..별걸 다 맹글어 봤지만...이젠...
감이 점점 떨어진다..한참 코딩할때의 집중력등이... 컴 인생 전성기 평균 10대중후반~20대초중반..인것 같다",2025-11-16T06:31:59Z,0,
@한울youtube-n2h,1:15:04 1:28:45,2025-11-15T08:41:40Z,0,
@나이스샷-v2n,진짜 gpt는 혁명임 ㅋㅋㅋ,2025-11-03T16:52:04Z,0,
@민철강,컴퓨터를 아무것도 모르는 사람이 봐도 이해가 빠르고 좋네요!!!!! 감사합니다,2025-11-03T15:17:24Z,1,
@Eoeurue,감사합니다 덕분에 자바스크립트를 마스터 하게 되어 나사에 입사하게 되었습니다 ❤❤,2025-10-24T07:23:20Z,5,
@user-master2012,ㅋㅋ,2025-11-05T14:24:16Z,0,@Eoeurue
@우리는하나요,열심히 하겠습니다,2025-10-23T02:29:17Z,0,
@Aplus-yn4do,"3:39:20
3:50:28
3:57:09 4:06:25

1:14:08
1:31:15
1:38:11 리스트",2025-10-21T18:29:06Z,0,
@구구단-i1i,컴퓨터는 64비트인데 32비트 다운받아도 되나요 주식용으로 사용예정 + 일반용으로 사용예정(둘다 사용),2025-10-17T09:22:06Z,0,
@MOSOOSHIN,"파이썬에 기본을 매우 자세히 알려주셔요
^-^",2025-10-15T08:01:58Z,0,
@무-u4y,딕셔너리 2:13:46,2025-10-14T17:41:51Z,0,
@CodingJoJo,Chat GPT 믿고 알려주는대로 했는데도 안바뀌는데 진짜 미치겠네요 누구 아시는분 댓글좀 달아주세요...,2025-10-11T19:16:20Z,0,
@CodingJoJo,"이것만 나오네요 진짜 미치겠네요 몇시간째 붙들고 있는데 밤다샜어요
>>> print(""="" * 50)
==================================================",2025-10-11T18:57:29Z,0,
@CodingJoJo,vscode 파이썬 스크립트 모드 바꾸려는데 아무리 해도 안되네요 이거 왜그러죠 ㅠㅠ.. 아 진짜 미치겠다 오늘 하루종일 이것만 하다가 몇시간 지나네요,2025-10-11T18:43:58Z,0,
@CodingJoJo,"저는, 두줄 작성하면 shift+Enter을 각각 해야 이게 한번에 적용되는데 조코딩 님처럼.. 그냥 두줄 작성 후 한번에 shift+Enter 적용은 안되나요? 안되는 이유가 뭘까요? 저는 MacOS사용자입니다.",2025-10-11T18:07:30Z,0,
@CodingJoJo,46:25 두개다 출력안되고 world만 됩니다 ㅜㅜ 어케해야될까요? 컨트롤 슬래쉬해도 주석도 안돼요 맥OS라서 그런가요 ㅠ.ㅠ..,2025-10-11T15:31:44Z,0,
@jocoding,"Cmd + S로 문서 저장이 잘되었는지 확인해보세요!

추가로 윈도우는 Ctrl + / 인데 맥인 cmd + /로 커멘드 슬래시로 하보세요!",2025-10-13T07:42:20Z,0,@CodingJoJo
@CodingJoJo,@jocoding 알려주셔서 감사합니다!! 파이썬 공부 하는 날에 꼭 해보겠습니다 답변 정말 감사합니다!,2025-10-13T13:57:05Z,2,@CodingJoJo
@user-df9ew4xl9h,"너무 잘 들었습니다. 감사합니다, 선생님.",2025-10-10T12:13:59Z,0,
@asdzxc1060,6:48:35,2025-10-08T06:37:18Z,0,
@조다솜-c9u,49:58,2025-10-08T03:22:35Z,0,
@StevenJSMin,자바 너무 까지마세요..ㅋㅋ....자바가 개발하는 업무용 개발들을 파이썬으로 만든다는 일은 끔찍합니다...ㅋㅋ,2025-10-07T08:50:35Z,0,
@펩시천국,4:18:30,2025-10-06T08:00:50Z,0,
@ez_100-cu,전 중삼 입니다 불 다음 변수 까지 해보니 너무 재밌네요 코드 하나하나 새로운걸 배울때마다 설래요 ㅋ,2025-09-30T15:39:02Z,0,
@신시-d8h,1:13:09,2025-09-25T13:51:32Z,0,
@user-ww5bl1ld9y,2:03:53,2025-09-20T04:50:23Z,0,
@user-ww5bl1ld9y,2:00:23,2025-09-18T12:45:43Z,0,
@찬우-r5p,"2025/09/17
1:06:24",2025-09-17T15:52:37Z,0,
@davidyi8786,감사하게 잘 듣고 있습니다.,2025-09-17T05:34:21Z,1,
@까마귀-j7w,1:25:00,2025-09-15T10:55:59Z,0,
@장하준-i2r,2:56:20,2025-09-10T05:42:11Z,0,
@NickName-o2e,"아주좋네요 감사합니다 초급으로 많이좀 올려주세요
금융회사인데 업무 자동화 혹은 디비로 대시보드 만들거나 뭐ㅜ등등 파이선 많이 사용해서 배우라는데 코딩 여러거지 고등수준정도는 허지만 오랜만에 해보니 쉽지않네요 회사에서 써먹을수잇는 강의도 부탁드립니다❤❤❤",2025-09-08T09:43:29Z,1,
@KimCheomZ,1:33:00 이어보기,2025-09-06T03:21:44Z,0,
@이선경-t3j,"파이썬 이제야 기초시작하는데, 연습 문항을 입력 해 두신건가요?  타이핑 하며 영상 따라가기가 속도가 버거워서요~ 어디서 다운 받을 수 있을까요?",2025-09-05T10:08:29Z,0,
@sosok6270,와~진짜 최고네요!,2025-09-02T12:15:06Z,0,
@lsjdlsl-l4l,23:13 파이썬 설치,2025-08-26T18:27:41Z,0,
@이다경-3t1h,질문있습니다!!! 7:25:43 에서 우측상단 Run~을 누르면 되는데 왜 터미널에서 python .\sub~를 직접 치신 건가요?,2025-08-18T04:58:28Z,0,
@이다경-3t1h,질문있습니다!!! 5:29:35 에서 .\chapter4\를 어떻게 1초만에 작성하신 거죠? 단축키가 있는 건가요?,2025-08-15T03:56:15Z,0,
@patatomatochip,2:27:29,2025-08-14T15:00:06Z,0,
@Cmo29-c4v,30:58 파일 찾을 수 없다고 뜨네요 ..,2025-08-08T07:21:00Z,0,
@이다경-3t1h,GWANGO IS CRAZY,2025-08-07T09:52:21Z,1,
@이다경-3t1h,4:57:20 append는 리턴값이 읎다,2025-08-07T19:05:23Z,0,@이다경-3t1h
@이다경-3t1h,5:34:05 05장 잃어버렸던 날개 찾기 ^^,2025-08-14T12:18:56Z,0,@이다경-3t1h
@이다경-3t1h,7:24:30 06-6 하위 디렉터리 검색하기,2025-08-15T07:57:11Z,0,@이다경-3t1h
@동해-u6b,"67세 노장입니다. 늦게 시작한 파이썬 공부, 
일단 책은 구입해서 먼저 보고 있으나 부족한 부분은 영상으로 익혀갈 생각입니다. 
전공과 전혀 다른 분야지만 열심히 배우겠습니다. 감사합니다",2025-07-24T08:13:22Z,23,
@닭트넘먹방,"파이팅입니다
저도시작합니다😂🎉",2025-09-11T14:44:12Z,0,@동해-u6b
@시원-r9u,"탁월한 선택을 하셨습니다. 
노년에 취미 생활로는 최고랍니다...",2025-09-25T02:41:16Z,1,@동해-u6b
@2025회계사가됐다,1:24:52,2025-07-23T15:06:39Z,0,
@yshw-q4d,제가 게임개발자가 꿈인데 파이썬을 가장 먼저 배워보려고 합니다. 적절한 선택이겠죠?,2025-07-21T13:58:36Z,1,
@Euskn,언리얼 배우세요. 유니티는 변별력이 없고 대기업 중견은 다 언리얼 씁니다. 언어는 c++이나 c#,2025-07-28T00:45:45Z,0,@yshw-q4d
@구니-h5o,용어가.. 어렵네요,2025-07-12T08:07:56Z,0,
@정창기-z8p,1:30:00,2025-07-09T12:20:35Z,0,
@정창기-z8p,2:00:00,2025-07-11T05:51:15Z,0,@정창기-z8p
@정창기-z8p,2:16:52,2025-07-11T13:09:08Z,0,@정창기-z8p
@정창기-z8p,2:19:49,2025-07-12T04:23:27Z,0,@정창기-z8p
@정창기-z8p,2:26:46,2025-07-12T15:34:09Z,0,@정창기-z8p
@정창기-z8p,2:36:00,2025-07-15T08:54:38Z,0,@정창기-z8p
@GyuFX,2:33:00,2025-07-09T00:45:37Z,0,
@kid4310,"초반 30분에 대한 이해도가 필요했는데, 굳이다요",2025-07-08T23:18:05Z,2,
@sy-nl3qf,4:18:30,2025-07-08T18:15:40Z,0,
@efefaw457,믿읍니다 에이맨....,2025-07-08T12:53:18Z,0,
@differentthink1504,ㅈ코딩 짱짱맨,2025-07-07T01:42:14Z,1,
@luckylegobulider8332,"안녕하세요, 14년 경단녀인데 다시 새로 시작해보려고합니다. 좋은강의 감사합니다. ^^",2025-06-25T02:46:36Z,1,
@chongminao6702,경단녀 화이팅 ^^,2025-07-23T16:15:18Z,0,@luckylegobulider8332
@지환배-w8i,이거 파이썬 전범위인가요?,2025-06-24T15:10:20Z,0,
@아무러케amuluke,"다른데서 파이썬 강의 듣다가 먼소린지 몰라서 왔는데 가르치는데 이렇게 차이날수가.. 진짜 자세하고 적절한 비유나 질, 티칭실력이 장난 아니십니다.",2025-06-24T05:32:33Z,1,
@김우연-b8u,아... 전 2회독인데 아직도 무슨 말인지 모르겠어요...,2025-06-24T11:36:49Z,0,@아무러케amuluke
@고래밥18,1:25:51,2025-06-22T08:55:43Z,0,
@마즘,1일차 1:03:30,2025-06-19T13:47:54Z,0,
@초보가족-w2n7k,최고네요,2025-06-17T08:44:30Z,0,
@쌈바-r1t,21:15 파이썬 설치_250617,2025-06-16T22:04:59Z,0,
@TV-mo7tw,안녕하세요 점프투 파이썬 교재공부를 하고 있는데요  pc에 C:\Users\pc 가 \doit 으로 바뀌지 않아서 바꾸지 않고 변경하는 방법 알려주실수 있나요,2025-06-13T07:29:57Z,0,
@honey_with_you,와 너무 큰 도움이 되었습니다. 감사합니다.,2025-06-11T10:31:27Z,0,
@True_e-t9k,6:44:08,2025-05-31T11:45:37Z,0,
@하루하루-m5r,좋은 영상 감사합니다.,2025-05-27T00:49:07Z,0,
@한국다람쥐-u1n,고맙게 잘 보겠습니다.,2025-05-23T05:49:14Z,0,
@attention2595,7:56:21,2025-05-21T08:58:50Z,0,
@목소리헤드헌터,46:53,2025-05-20T17:39:57Z,0,
@vasilyivanovickaminski,3:04:31,2025-05-20T13:48:01Z,0,
@user-me6ot5fb5u,1:27:00,2025-05-20T11:44:05Z,0,
@냠냠쩝-h3u,1일차 : 3:04:24,2025-05-20T10:40:15Z,0,
@강블리-n5p,조코딩님 판다스 강의는 없을까요??ㅠㅠ,2025-05-15T23:45:43Z,0,
@목소리헤드헌터,57:26,2025-05-14T11:24:08Z,0,
@tunaia,"1:53:18, 3:21:00 4:18:30 4:40:01, 5:34:30",2025-05-12T11:41:04Z,0,
@권지지-s4g,14:14,2025-05-12T11:17:06Z,0,
@kaka-d6p,56:20 1일차 학습,2025-05-09T13:25:23Z,0,
@갈가마구,"귀도가 취미로 만들걸 나는 몇년째 버벅이고 있는데, 뭐하는 거냐....닝겐 ㅠㅠ",2025-05-08T06:58:13Z,0,
@ybc244,4:50,2025-05-05T01:06:34Z,0,
@이영진-s7b,python 3.11.2 버전 64 bit로 다운받았는데 Install 파일이 없는데요? install실행을 어떻게 하나요?,2025-05-04T08:37:45Z,0,
@투데이12시간,묻따 교재구매햇습니다 시도는 해보겠습니다.,2025-04-26T12:35:03Z,0,
@Rogest-p6k,파이썬 공부해서 회사에서 하는 SAP토대로 하는 반복 리스트 만드는 업무 모두 자동화 하겠습니다...,2025-04-22T14:24:15Z,0,
@sir_jeong,1:16:56,2025-04-20T10:10:44Z,0,
@kong1004-t3m,51:54,2025-04-18T08:45:03Z,0,
@kong1004-t3m,20:06,2025-04-18T08:45:37Z,0,@kong1004-t3m
@박정우-f2g,1:13:19,2025-04-17T07:34:14Z,0,
@tem4rary,25.04.16 51:53 까지 공부 updated,2025-04-16T01:29:20Z,0,
@tem4rary,1:34:19 초 까지 upper 공부중,2025-04-16T03:45:56Z,0,@tem4rary
@tem4rary,1:46:38 서랍장,2025-04-16T04:30:34Z,0,@tem4rary
@tem4rary,2:01:06 자료형 2장 들어감,2025-04-17T00:17:24Z,0,@tem4rary
@스카랑핑키랑,조코딩님의 채널우 며칠전에 알게 되면서 예전동영상도 보면서 열심히 하고 있었는데요.지금 코딩을 시작하려고 파이썬도 다운로드받고 윈도우에 cmd로 명령실행도하고 vscode로 개인적으로 공부하고 있었는데요. 함수들어가니까 명령어가 틀린건 없는데 그동안 없었던 에러가 계속 떠서 컴터에서 파이썬도 삭제하고 vs코드도 삭제하고 다를 사이트에서 다운받았던 것들도 다 삭제하고 새로 시작하려고하니까 전에 되던 부분까지 안돼고 cmd에서 실행넣는데도 케라스나 넘피 같은 건들이 다 에러가 떠서 총체적 난국을 격고있어요ㅠㅠ 맨땅에 해딩하고있는데 열심히 하고있었는데 왠종일 삭제해도 지워지지도 않는 프로그램땜시 포기하고싶어져여ㅜㅜ  어떻게 해야할지 도와주세요.. 이렇게 밤을 새서 혼자 고민하고있습니다ㅠㅠ,2025-04-15T19:21:10Z,0,
@이름모름-g8v,3:57:00,2025-04-15T11:19:32Z,0,
@tbwhwqkq,1:19:55,2025-04-12T13:34:30Z,1,
@사람-i7k8c,21:45,2025-04-11T15:52:23Z,0,
@이름모름-g8v,1:28:00,2025-04-11T12:01:00Z,0,
@루개미,51:50,2025-04-11T05:18:12Z,0,
@아아-i6e,"1:18:00 , 1:20:43, 1:23:52, 1:28:20",2025-04-07T10:36:12Z,0,
@아아-i6e,"제가 학교에서는 구글 코랩을 사용하는 데, visual studio랑 다른 점들이 있을까요?",2025-04-04T09:49:28Z,0,
@서울홍성교회행정,python intellisence를 못찾겠습니다.,2025-04-01T08:28:52Z,0,
@서울홍성교회행정,python하단에 language support with ~~~~~~이게 python intellisence가 맞는지요?,2025-04-01T08:50:28Z,0,@서울홍성교회행정
@sojeongjin7376,20:35,2025-03-31T05:03:28Z,0,
@user-gu8bt9rs9i,시작!,2025-03-31T03:06:00Z,0,
@shutup9288,31:18,2025-03-30T14:19:27Z,0,
@삼각김밥-z1p,3:31:55ㅡ3단원. 여까지 들음,2025-03-26T15:17:58Z,0,
@삼각김밥-z1p,7:12:11 6-3 여기부터,2025-03-31T16:00:32Z,0,@삼각김밥-z1p
@sulwha8759,1:18:46,2025-03-26T07:11:52Z,0,
@Anilalily,어우 보고 있는데 함수에서 진짜 포기할 것 같음....,2025-03-25T14:26:01Z,0,
@lowkeyphoto,1:02:06,2025-03-25T14:12:35Z,0,
@이하-r6d,1:09:26,2025-03-24T14:28:45Z,0,
@lee-l2m,30대 후반에 영국으로 이민가서 개발자로 처음 일을 시작해 보려합니다. 타국이라 쉽지 않겠지만 대우가 한국보다 좋으니 화이팅할게요,2025-03-23T11:47:13Z,0,
@이무개-777,하루에 30분,2025-03-22T21:04:59Z,0,
@이무개-777,51:55,2025-03-22T21:21:33Z,0,@이무개-777
@user-gp3mb9if8x,31:11,2025-03-21T08:30:06Z,0,
@user-wh2ts8rr8b,이거 친구 아빠가 쓴 책이어서 집에 책 개많음 ㅋ,2025-03-21T06:12:08Z,3,
@differentthink1504,영상만 봐도 충분함. 책 필요없음,2025-07-07T10:44:54Z,2,@user-wh2ts8rr8b
@fjald,감사합니다!,2025-03-19T07:10:16Z,0,
@눈뽀송,3:47:19,2025-03-17T15:01:12Z,0,
@kissman0120,"50대 비전공자 출신인 저에게도 익숙치 않은 용어와 개념을 설명 해줄 때 비유와 설명이  너무 찰떡이라, 정말 조코딩님의 강의는 명강의라 밖에 할 수 없습니다. 고맙고 응원 합니다.",2025-03-17T00:48:16Z,0,
@Anilalily,패션코딩 말씀하실 때마다 너무 웃겨욬ㅋㅋㅋ😂😂😂❤,2025-03-15T02:00:53Z,0,
@hyunkyungbae200,49:53,2025-03-14T04:09:35Z,0,
@lllll9892,"1일차 41:15
2일차 1:32:59
3일차 1:38:29
4일차 2:33:13
5일차 복습 
6일차 3:20:06
7일차 4:14:04",2025-03-14T02:24:15Z,2,
@shotmanag-y6n,포기했노 이기야?,2025-04-01T02:03:20Z,0,@lllll9892
@lllll9892,@shotmanag-y6n 본업은 하면서 해야될꺼 아니노?,2025-04-01T02:36:58Z,0,@lllll9892
@종이_호일,까짓거 해보죠 뭐,2025-03-13T11:22:36Z,0,
@gsmwSKC,02:55:04 배우는 입장에서 감히 비유하자면 컴퓨터에 특정 프로그램을 '바로가기' 만드는 개념과 비슷할까요?,2025-03-12T12:51:42Z,0,
@Nostreetbitch-0507,32:13,2025-03-11T12:19:02Z,0,
@hyunkyungbae200,28:34,2025-03-10T04:06:17Z,0,
@이원창-z4f,1:06:17,2025-03-09T11:14:13Z,0,
@이원창-z4f,1:09:12,2025-03-09T11:50:39Z,0,@이원창-z4f
@DEulga,3:30:20,2025-03-08T12:25:29Z,0,
@user-qp4bj3nn8y,2:00:34,2025-03-07T03:04:42Z,0,
@나-z4d3t,1:22:05,2025-03-05T15:45:14Z,0,
@ROOKIEROOKIE777,2:59:34,2025-03-03T11:14:26Z,0,
@hyunjoonglim8982,3:04:20,2025-03-02T13:45:18Z,0,
@sssssss-z7n,20:14,2025-03-02T00:36:14Z,0,
@원섭-g7r,1:34:00,2025-03-02T00:27:40Z,0,
@랄랄루-v1b,3:31:58 여기까지,2025-03-01T13:41:58Z,0,
@시공의유랑아,"40년전 베이직 배웠었는데
일주일 가능하려나",2025-02-24T13:28:22Z,1,
@AoGtngang,8:00:00,2025-02-22T06:33:50Z,0,
@아리-d2k,2:50:22,2025-02-21T13:03:14Z,0,
@자계가이,python 3.11.2를 설치했는데 실행 프로그램은 3.10이 보이네요 이 버전으로 해도 상관 없을까요? ㅜㅜ,2025-02-18T08:14:20Z,0,
@jocoding,넵 버전은 큰 상관 없습니다!,2025-02-18T12:57:28Z,0,@자계가이
@COTTERSH,"1일차 < 52:00
2일차 < 1:18:00",2025-02-15T14:14:32Z,1,
@Viscoplasticbeing,정말 깔끔한 파이썬 영상이네요! 구독했습니다. 앞으로 열심히 배우겠습니다. 감사합니다!,2025-02-13T22:32:13Z,0,
@ulion4899,감사합니다,2025-02-12T22:53:02Z,0,
@doublej3306,00:53:20,2025-02-11T13:33:14Z,0,
@청토니,1:44:08,2025-02-10T12:45:29Z,0,
@dimoyoung,프로그래밍의 ㅍ 도 모르는 사람이.배울 수 있나요?,2025-02-09T16:05:25Z,0,
@root-c8n,2:01:18,2025-02-06T22:54:37Z,0,
@root-c8n,1:15:49,2025-02-06T14:31:57Z,0,
@탈탈-s9s,1:31:30,2025-02-05T17:00:33Z,0,
@arrangedking1737,1:17:47,2025-02-05T03:11:05Z,0,
@해피데이-l3n,6:13:00 모듈,2025-02-02T13:30:50Z,0,
@efefaw457,8시간?,2025-01-21T14:23:08Z,0,
@심민수-t4e,44:00,2025-01-18T15:09:29Z,0,
@Yoom_e,1:24:02 2:26:46 2:35:58 3:57:10 5:01:22  5:28:33,2025-01-15T02:09:30Z,0,
@한품-z1t,55:00,2025-01-13T17:53:25Z,0,
@인생고달픈,1:38:21,2025-01-13T14:20:07Z,0,
@인생고달픈,3:03:26,2025-01-30T13:11:00Z,0,@인생고달픈
@인생고달픈,3:31:50,2025-02-10T14:36:04Z,0,@인생고달픈
@AludranReptiloid-p5q,파이선을 해마다 올리시는 거 같네. 오른쪽 하단에 본인 얼굴은 굳이 안올려도 될거 같긴 한데... 무지 크게도 올렸네요.,2025-01-08T14:09:35Z,0,
@파이썬-r4z,"2025.01.04
4:18:35",2025-01-04T12:08:29Z,0,
@이재호-o3n9s,"2:28:19 
3:36:17
5:18:01
5:44:51
5:59:33
6:17:38
6:53:38",2025-01-02T16:34:34Z,2,
@박주니-d7l,"어려운 부분
 4:44:50
4:55:06 여기서 b는 none 이면서, print(b)를 하면 왜 [1,2,3,4]가 나오는지 이해가 안갑니다..",2024-12-29T08:43:14Z,0,
@허정호-v6d,6:20:40 부터 화면과 음성이 따로 노네... 우리집 컴의 문제인가?,2024-12-25T11:25:40Z,0,
@허정호-v6d,6:30:00 쯤되어서야 싱크가 맞기 시작하네요...,2024-12-25T11:39:14Z,0,@허정호-v6d
@jocoding,"영상 자체의 오류인 듯 합니다ㅠ 각 개별 강의 영상은 정상적으로 보실 수 있으니 아래 재생목록 활용하여 수강을 권장드립니다!
https://www.youtube.com/playlist?list=PLU9-uwewPMe05-khW3YcDEaHMk_qA-7lI",2024-12-25T19:24:50Z,0,@허정호-v6d
@감자튀김맨-s9v,5:40:24 /,2024-12-15T19:09:37Z,0,
@풀꽃-s,왜 이렇게 잘생겼어요...,2024-12-14T08:51:49Z,0,
@꿀벌-e6o,자료형설명만 두시간을 들으라고?,2024-12-10T05:21:33Z,0,
@RidenFly_Channel,2:25:31 아끼위끼가 무슨뜻인가요?,2024-12-05T02:06:35Z,0,
@영혼여행,지능지수 140 이하인 사람이 이게 다 무슨 소리인지를 아는데 까지 얼마나 걸립니까?,2024-12-04T08:53:27Z,0,
@babymouse,이름도 멋잇네 귀두,2024-12-03T05:38:33Z,0,
@용봉아,브레이크 포인트 걸고 디버그하면 멈추지않고 그냥 실행하고 끝나버리는데 뭐가 문제일까요?,2024-11-28T12:16:43Z,0,
@mong-mongg,듣는 내내 헷갈렸는데  4:57:55 요 설명이 이해가 빡되네요 ㅋㅋ,2024-11-20T09:07:32Z,0,
@채현승-l2c,40:25 안 떠요ㅠㅠ,2024-11-18T13:10:30Z,0,
@감자튀김맨-s9v,1:08:56,2024-11-18T13:03:45Z,0,
@감자튀김맨-s9v,1:09:53,2024-11-19T04:38:49Z,0,@감자튀김맨-s9v
@안녕2222,55:11,2024-11-17T05:59:33Z,0,
@우린긍정이,❤,2024-11-17T01:33:25Z,0,
@boredofficeworker,1일차:2장끝.,2024-11-15T14:24:24Z,0,
@추억용계정-r4w,어디가셨나요,2024-12-02T01:52:41Z,0,@boredofficeworker
@AB-jp8zb,@추억용계정-r4w 작심 1일이었던것,2025-01-18T11:00:41Z,0,@boredofficeworker
@boredofficeworker,@AB-jp8zb 돌아왔다 낼부터 ㄱㄱ,2025-01-18T13:47:05Z,0,@boredofficeworker
@boredofficeworker,복귀:1일차 딕셔너리,2025-01-19T13:13:19Z,1,@boredofficeworker
@펩시천국,@boredofficeworker 슬슬 돌아오시죠,2025-10-06T15:05:24Z,0,@boredofficeworker
@으라후잇-b9p,43:07,2024-11-13T14:53:18Z,0,
@ryuusungrune4285,2:13:00,2024-11-12T22:45:46Z,0,
@와샌주,1:22:28,2024-11-09T11:48:21Z,0,
@sylver0923,맥북에서 인스톨 하는 방법은 어디에서 찾으면 도리까요? .. 알려주세요! ㅠㅠ,2024-11-06T14:36:06Z,0,
@박찬혁-z4j,5:02:53,2024-11-05T08:04:17Z,0,
@김규철-g5h,입력한 프로그래밍 실행하는 단축키 알수있을까요?,2024-10-30T14:09:52Z,0,
@짱짱-k7u,6시간 20분 경부터 싱크가 안맞는데 저만 그런가요..?,2024-10-29T01:48:02Z,0,
@jocoding,"이 영상이 문제가 있는 듯 하네요ㅠ 아래 재생목록 속 개별 영상들은 괜찮으니 통합본이 아닌 개별본으로 시청 부탁드립니다!!
https://www.youtube.com/watch?v=hY-MlUJc01E&list=PLU9-uwewPMe05-khW3YcDEaHMk_qA-7lI&index=8&t=154s",2024-10-29T02:21:33Z,0,@짱짱-k7u
@손정호-t9t,1:10:14,2024-10-28T11:29:39Z,0,
@노랑이-game,-최고최고-,2024-10-28T10:23:23Z,0,
@노랑이-game,-역시 조코딩-,2024-10-28T10:21:59Z,0,
@노랑이-game,~~대박~~,2024-10-28T10:20:22Z,0,
@긍정적인사람-f3e,저는 Run  돌리면 비주얼 스튜디오에서 아래 o 모양 안나오는데 어떻게 설정할수 있나요?,2024-10-24T01:50:01Z,0,
@신철희-w1j,23년도 영상이랑 같은거 아니에요?,2024-10-22T11:11:31Z,0,
@gldrn-dc3wd,6:23:13 요 부분 근처 저만 문제일까요? 영상이 멈추네요,2024-10-22T07:25:40Z,0,
@jocoding,"죄송합니다 영상의 오류인 것 같네요ㅠㅠ 아래 재생목록 속 개별 영상들은 괜찮으니 통합본이 아닌 개별본으로 시청 부탁드립니다!!
https://www.youtube.com/watch?v=hY-MlUJc01E&list=PLU9-uwewPMe05-khW3YcDEaHMk_qA-7lI&index=8&t=154s",2024-10-22T09:03:58Z,0,@gldrn-dc3wd
@gldrn-dc3wd,​@jocoding 감사합니다! 너무너무 잘배우고 있습니다!,2024-10-23T00:54:15Z,0,@gldrn-dc3wd
@skeofn,1:28:14,2024-10-22T06:16:04Z,0,
@jang3891,"이곳에 질문을 해도 될까요..ㅠㅠ 2:10:00 즈음에 튜플은 변경이 안된다라고 했는데 아래와 같이 코드 생성하면 t1의 튜플이 수정되는걸로 보입니다. 제가 이해를 잘못한걸까요..
t1 = (1,2,3)
t2 = (4,5,6)
t1 = t1+t2
print(t1)",2024-10-21T13:13:04Z,0,
@jang3891,아 20초뒤에 바로 설명해주시는군요. 수정이 아니라 새로 t1을 생성한거였습니다... ^^;,2024-10-21T13:16:37Z,0,@jang3891
@user-ib5ut7ru1z,2:01:18,2024-10-18T10:56:53Z,0,
@user-ib5ut7ru1z,1:21:25,2024-10-17T15:09:33Z,0,
@김세림-y8k,52:01  1일차,2024-10-14T13:23:27Z,0,
@니다-y1y,"ctrl+/ 또는 """"""따옴표세개"""""" 주석처리 # \n 줄바꿈 # '\i\'m'을 입력하면 문자열에 따옴표 포함 가능",2024-10-11T12:59:35Z,0,
@니다-y1y,2:29:54들을차례,2024-10-11T13:02:58Z,0,@니다-y1y
@gihyounghaam,프로그래밍을 전공하고 7~8년정도 현업 있다가 손 놓은지 20년이 되서 나이가 57인데 지금 배울 수 있을지 의문입니다. 해보고는 싶은데.,2024-10-09T02:52:57Z,0,
@jocoding,파이썬은 난이도가 높지 않아서 충분히 가능할 것 같습니다!,2024-10-09T12:47:00Z,0,@gihyounghaam
@gihyounghaam,@jocoding 용기를 주셔서 감사합니다. 한번 도전 해보겠습니다~,2024-10-16T04:36:53Z,0,@gihyounghaam
@JangoD-rl9zz,35:00 다운로드없이파이썬실행,2024-10-05T08:00:20Z,0,
@peterpark597,"파이선 강좌에서 월드클라스.
비교불가, 최고입니다.  생큐!!",2024-09-25T14:44:06Z,0,
@galaxygb1,얼굴은 굳이 영상에 넣지 않아도 될 듯 한데...,2024-09-25T11:33:40Z,2,
@mentalrich__,안녕하세요. mac을 쓰고 있는데 파이썬 설치 할때 ADD python 옵션이 없습니다. 그냥 해도 될까요?,2024-09-23T10:26:42Z,1,
@이웅기-e8v,00:51:46,2024-09-21T15:27:09Z,0,
@이웅기-e8v,2:01:32,2024-09-28T06:36:42Z,0,@이웅기-e8v
@이웅기-e8v,3:04:23,2024-10-02T15:20:43Z,0,@이웅기-e8v
@이웅기-e8v,4:18:31,2024-10-03T12:20:54Z,0,@이웅기-e8v
@andropler,"이틀간 2배속으로 정주행으로 완강했습니다. 감사합니다.
06:20:37 부분부터 립싱크가 안맞는 문제가 있네요. 통합본이 아닌 개별 5장 영상에서는 잘 나옵니다.
그리고 이건 사소한거지만.. 클래스 변수 설명하실때 a.lastname = ""박"" 으로 바꾼건 클래스변수와 동일한 이름의 지역변수가 생성된거라서 b 와 c 에 영향을 주지 않는건데 설명이 조금 모호했다고 생각합니다.",2024-09-16T01:28:43Z,6,
@1Q81725,헐… 파이 ㄷ선… 자음에 없네… thon발음이 한글 기호에 없다니,2024-09-14T06:09:48Z,0,
@류용호-c1p,2:23:12 4:35:11,2024-09-12T04:56:01Z,0,
@cjvvon,안녕하세요 맥용 다운로드 버전은 어딨을까요 ㅠㅠ,2024-09-09T12:14:09Z,0,
@bigch3066,매일 30분씩 들으면서 따라하고 있어요. 하루하루 성장하는거 같아 너무 좋습니다. 좋은 강의 고맙습니다~~,2024-09-08T14:32:20Z,1,
@JOSH-jh8ff,20:25,2024-09-07T12:29:22Z,0,
@하하호호-q5i,26:38,2024-09-07T07:10:45Z,0,
@JoongAhn127,6:20:53 부터 저만 그런지 모르겠지만 영상이 좀 밀린건지 뭔가 좀 이상하네용 ㅎㅎ 알려드립니다!,2024-09-04T18:43:02Z,0,
@InsightInno,일 때문에 파이썬을 배우려고 하는데 컴퓨터언어 자체를 처음 배우는데 이걸로 처음으로 배우면 되나요?? 이걸 다 보고 나면 어떤 영상으로 가야 하나요?,2024-09-04T00:03:16Z,0,
@jayhong4367,회사에서 직무 변경을 하고 싶어서 이렇게 공부하러 찾아 왔습니다 :),2024-08-31T14:05:08Z,0,
@JoongAhn127,"encoding-""utf-8"" 쓸때 소문자로 써도 제대로 작성되는데 utf의 소,대문자는 상관이 없는건가용?",2024-08-30T18:08:40Z,0,
@JoongAhn127,"5:17:41 charmap codec 문제가 나왔는데 이문제 또한 한글이 호환이 안되어 encoding=""UTF-8"" 을 사용하니 문제가 사라졌습니다!",2024-08-30T17:35:50Z,2,
@toqjcigoenx,57:33,2024-08-28T14:36:32Z,0,
@루프리텔캄-u1k,"제가 55살 문과졸업생입니다만
파이썬 공부해보고 싶은데 가능할까요?",2024-08-27T23:28:17Z,0,
@장승현-n6b,50대 중후반인데 조코딩님이 이해하기 쉽게 설명을 잘해주셔서 잘 따라가고 있습니다. '점프 투 파이썬' 전자책도 구입했고 열심히 배우고 있습니다. 복 받으실거에요.😊,2024-08-22T05:24:54Z,1,
@h.k122,1:01:35,2024-08-18T17:21:42Z,0,
@황성준-i6u,2:58:00 변수 데이터 개념,2024-08-18T01:59:29Z,0,
@황성준-i6u,3:26:06 elif,2024-08-18T02:40:33Z,0,@황성준-i6u
@황성준-i6u,3:39:54 +=1,2024-08-18T02:56:07Z,0,@황성준-i6u
@황성준-i6u,"3:41:39 while 은 true 이면 계속 거기서 돌고 , False 이면 빠져나간다",2024-08-18T02:58:48Z,0,@황성준-i6u
@황성준-i6u,4:13:42 end함수,2024-08-18T03:56:15Z,0,@황성준-i6u
@황성준-i6u,4:34:21 *args,2024-08-18T06:04:00Z,0,@황성준-i6u
@user-dp5nn3vv9t,"26:40
52:00",2024-08-17T15:59:02Z,0,
@갈색눈동자-p2w,혹시 함수 안에 while이나 for을 넣을 수 잇나요???,2024-08-17T03:45:55Z,0,
@박세빈-e7w,이 강의 없었으면 전 죽으러 갔습니다ㅜㅜ 너무 감사해요 ㅜㅜ,2024-08-14T02:38:43Z,1,
@마앙,1:19:47,2024-08-10T13:25:31Z,0,
@마앙,2:01:48,2024-08-11T06:16:52Z,0,@마앙
@앙꼬파파-i8f,10번 듣는게 목표....뽜이팅!!!,2024-08-09T07:17:32Z,4,
@jwpn5237,2:00:00 까지,2024-08-04T05:15:02Z,0,
@the_souulution_ai,코딩의 코자도 모르는 제가 코딩에 입문했습니다. 첫 도전과제로 이 영상을 정주행하면서 따라해자고 다짐했죠...5일이 걸렸습니다. 다 이해하진 못했지만 저에겐 Got 지피티가 있으니 도움받아서 하나씩 만들어가보려고 합니다. 진심 감사드립니다,2024-07-31T00:50:37Z,0,
@oneck-t5s,비전공이지만 코딩에 관심이 생겨서 한번 보면서 공부 해볼게요 ㅎㅎ유익한 동영상 만들어주셔서 감사합니다,2024-07-25T01:46:40Z,0,
@JoongAhn127,잊지말고 재시작 해보겠습니다!! 하루에 30분이라도 듣겠습니다!,2024-07-24T15:14:07Z,3,
@JoongAhn127,2장 첫번째 끝!,2024-07-30T20:30:09Z,0,@JoongAhn127
@JoongAhn127,집합 시작,2024-08-01T23:23:41Z,0,@JoongAhn127
@JoongAhn127,2:57:28 변수 공부중,2024-08-02T19:21:17Z,0,@JoongAhn127
@JoongAhn127,while 공부중!,2024-08-06T20:21:58Z,1,@JoongAhn127
@JoongAhn127,for구문 range 시작!,2024-08-09T19:14:17Z,0,@JoongAhn127
@채널만들기이름입니다,1:57:11,2024-07-24T00:05:59Z,1,
@user-rk6hi4pl5x,51:50 까지,2024-07-22T02:23:33Z,0,
@김태훈-g8j,6:21:11부터 말하려는 내용의 영상이 없습니다.,2024-07-17T14:00:29Z,8,
@hyun6124-t5r,"저도 제 컴이 이상한 줄 알았습니다.
근데 사파리/크롬 모두 그러길래 저만 그런가 하고 봤더니 영상이 깨져있는거군요...",2024-12-21T02:04:01Z,0,@김태훈-g8j
@JDG-g7z,"조코딩님 일단 초심자입장에서 너무감사합니다라고 말씀시작하겠습니다
하지만 문제가있습니다
패키지부분부터 뭔가 편집이안맞는느낌이듭니다
아무리봐도 뭔가더 헷갈려서 어느순간엔 그냥 귀로만듣게되요 그부분은..",2024-07-17T09:45:52Z,1,
@tobethelight963,파이썬 시작 이 강의로 시작합니다 고맙습니다,2024-07-17T01:45:42Z,0,
@youngjunlee5028,감사합니다.   이번에 책 선물받았습니다.  책도 영상도 열심히 볼께요 😊❤,2024-07-16T11:58:35Z,0,
@jwpn5237,1:26:23 까지,2024-07-15T09:16:24Z,0,
@JKmediaable,파이썬을 공부해보겠다고 다짐한 것만 10번이 넘는데 이번에는 꼭 배워보고 싶습니다!! 아자~!,2024-07-14T10:13:02Z,0,
@shouting252,5:29:21,2024-07-14T10:10:25Z,0,
@youngjunlee5028,"AI시대, 주말 강의 듣는데 넘 어려워 강의자료 찾다가 역시 조코딩님이다. 라고 들어와 보니 이런 귀중한 영상이 있네요. 
IT기획자이며, 핀테크쪽을 기획하고자 하는데, 파이썬 공부로 어떤 원리로 만들어져야 하는지 알 수 있는 기회가 될 것이고. 
올해 말에는 코딩을 할 수 있는 기획자가 되어 있을 수 있도록 하겠습니다. 

감사합니다.",2024-07-14T06:51:18Z,3,
@에어프레미아,파이썬 공부 해봐야겠네요 재밌을거같아요!,2024-07-13T15:07:45Z,0,
@druwatv,늦은 나이에 전산업무를 시작하는 늦깍이 전산쟁이입니다. 25년직장생활중 새롭게 시작한 전산업무~ 직장에서 살아남기 위해 전문적인 공부가 필요하다 생각되어 무엇이 필요한가 싶어 여기까지 오게 된거 같습니다. 처음에는  네트워크 구조에 대해서 공부하다가 여기까지 오게 되었는데요 파이썬을 공부하면 업무와 비교하여 무엇에 도움이 될수 있을까라는 고민도 하게 되었고 그 답을 조코딩님 채널에서 찾은듯 하네요~봉사문고리 잡은격이라고 할까요? 눈을 뜨게 해준 조코딩님께 감사한 마음이 듭니다. 부끕럽지만 이벤트도 조심스럽게 참여해봅니다. 감사합니다.,2024-07-13T14:17:58Z,0,
@T1.forever,현재 다른 직무로 8년간 일하고 있는 중인데 데이터 쪽으로 일하고자 공부하고 있어요 (대학교도 입학신청했는데 합격했으면 좋겠네요 ㅠ)우선 파이썬 먼저 공부하려는데 이렇게 좋은 강의가 무료로 있다니 😊 너무 좋네요 현재 함수부터 뭔가 어려운데 🥲 여러번 돌려봐서 기초부터 꼭 탄탄하게 다져야겠어요 모두 다같이 열심히 파이팅 넘치게 공부합시다🎉,2024-07-13T10:44:26Z,0,
@MulSoRyne,파이썬 어려워요 ㅠㅠ  도와주세요!!!,2024-07-13T10:25:34Z,0,
@longtailmonkey,"파이썬을 공부하고 싶어요! 이번 기회를 통해 기본부터 차근차근 배워보려고 합니다. 데이터 분석이나 웹 개발 등 다양한 분야에서 파이썬을 활용할 수 있어서 매력적이에요. 매일 조금씩 공부하면서 실력을 쌓아가겠습니다. ""Do it! 점프 투 파이썬"" 책을 통해 체계적인 학습을 할 수 있다면 정말 좋겠어요. 파이썬의 매력에 빠져서 더 멋진 프로그래머가 되는 그날까지 화이팅입니다!",2024-07-13T02:06:54Z,0,
@longtailmonkey,"파이썬을 공부하고 싶어요! 이번 기회를 통해 기본부터 차근차근 배워보려고 합니다. 데이터 분석이나 웹 개발 등 다양한 분야에서 파이썬을 활용할 수 있어서 매력적이에요. 매일 조금씩 공부하면서 실력을 쌓아가겠습니다. ""Do it! 점프 투 파이썬"" 책을 통해 체계적인 학습을 할 수 있다면 정말 좋겠어요. 파이썬의 매력에 빠져서 더 멋진 프로그래머가 되는 그날까지 화이팅입니다!",2024-07-13T02:06:36Z,0,
@mohi_study3371,"Oh hello again dear mr.jo 🙏🏻 oh python very good thank you🙏🏻
Mr_jo=10
Mohi_study=10
if Mr_jo>Mohi_study:
    Print(""dont learn advance python"")
elif Mr_jo==Mohi_study:
       Print(""ok we learn advance python"")
   And but terminal:
Ok we learn advance python

I speak just python no english😉😎",2024-07-12T23:05:05Z,0,
@9cucumber418,중간에 화면이 멈추고 소리만 나오는데 저만 그런가요? 6:21:34 확인 부탁드립니다.,2024-07-12T09:56:05Z,2,
@enos9149,"사랑하는 쌍둥이 아이들을 키우는 아버지로서, 파이썬 프로젝트 공부에 대한 다짐을 이렇게 적어봅니다:
""아빠의 두 눈동자처럼 소중한 우리 쌍둥이들아, 너희를 위해 아빠가 새로운 도전을 시작한다. 파이썬 프로젝트 공부, 이것은 단순한 코딩 공부가 아니야. 이는 너희의 미래를 위한 아빠의 투자란다.
밤늦게 젖병을 물리며 코딩하고, 기저귀 갈며 알고리즘을 생각하겠어. 너희가 잠든 사이 조용히 키보드를 두드리며, 너희의 웃음소리만큼 아름다운 코드를 만들어낼 거야.
때론 힘들겠지. 너희를 돌보며 공부하는 게 쉽지만은 않겠지. 하지만 너희가 첫 걸음마를 뗄 때처럼, 나도 한 걸음 한 걸음 나아갈 거야. 넘어져도 다시 일어나고, 에러가 나도 다시 도전하며.
이 공부로 더 나은 미래를, 더 넓은 기회를 너희에게 줄 수 있길 바란다. 너희가 자랑스러워할 아빠가 되고 싶어. 그리고 언젠가 너희와 함께 멋진 프로젝트를 만들 그 날을 꿈꾸며, 오늘도 힘차게 시작해본다.",2024-07-12T06:12:03Z,1,
@wist000,고등학교때부터 막연하게 프로그래밍 언어를 공부해야지 라는 생각으로 여러번 시도하였지만 작심3일을 넘기지 못하였습니다. 이번에  휴직을 하게되어 마음잡고 이산을 넘어보려고 합니다. 이번에는 꼭꼭 끝까지 공부해 보겠습니다. 좋은 컨텐츠 만들어 주셔서 감사합니다!!!,2024-07-11T16:11:01Z,0,
@insaneah6714,"데이터를 요리조리 바꾸고 관련지어보고 표현하는게 좋았던 경험에 파이썬을 더 세밀하게 다시 보고 싶어졌습니다. 전공도 관련없고 독학을 해야하고 또 그렇게 하고싶은 제게 이런 시의적절한 기회가 있어 영광일따름입니다. 저같은 사람이 있을까, 제가 보지 못한 곳에서 힘내주시는 분들께 정말 감사드리며 제 말한마디가 그분들께 보람과 기쁨을 선사하길 간절히 바랍니다.
진심으로 감사합니다.",2024-07-11T15:02:54Z,1,
@yun0603,취미로 파이썬 배우고자 하는데 좋은 강의 감사합니다 맥 버전 찾기가 참 힘드네요 ㅠ 윈도우랑 환경설정하는게 다르다보니 찾기가 힘들어요..,2024-07-11T14:03:39Z,0,
@szszsz1002,꿈이 개발자인 고1학생입니다. 같은 코딩동아리 선배가 이채널 추천해주셔서 보고있는데 정말 도움많이받고 있습니다  파이썬 마스터 하는 날까지 열심히 배워보겠습니다. 조코딩님 화이팅,2024-07-11T13:54:57Z,0,
@Mari-kt5zq,"파이썬 기초강의를 유튜브에서 많이 찾아보았는데, 가장 최근의 영상이 없고, 보통 3~4년 전의 기초 강의가 많더라구요. 지난주 까지는 4년 전에 다른 분이 올린 강의로 공부하다가, 이번주부터 점프 투 파이썬 해당 영상으로 공부를 다시 시작하였습니다. 위키닥스로 예제도 같이 있어서, 일일히 vs code에 타이핑하지 않아도 되고, 또 궁금한 사항은 책으로 앞뒤로 펼쳐가며 볼 수 있어서 멀티채널로 공부하는 느낌입니다. 우선 이 영상 끝까지 예제 연습하면서 실행도 해보고, 잘 따라서 배워보겠습니다.",2024-07-11T13:15:41Z,2,
@dyj5824,쌩문과생입니다. 그런데 박사과정을 IT분야로 와 버려서 당장 파이썬이 필요하게 될 줄은 상상도 못했네요. 5년 전에 혹시 몰라 파이썬을 독해 봤는데 결국 Hello World가 Bye World가 돼 버려 조금은 두렵습니다. 그래도 발등에 불이 떨어졌으니 이번엔 무.조.건 점프 투 파이썬과 함께 차근차근 도장을 깨 보겠습니다!,2024-07-11T11:54:30Z,2,
@gjsong0225,앞으로 AI와 파이썬은 반드시 공부해야 할 내용이라고 판단되어 늦었지만 시작하려고 찾던 차에 유튜브에서 조코딩님을 만나 기초를 배웁니다. IT개통에 있으면서 AI가 붙지 않으면 솔루션에 관심을 안 갖는 상황을 맞이하고 있는 현실에 아주 훌륭한 강의라고 생각합니다. 앞으로 10년~20년 공부하는 시작점으로 삼고자 합니다. 좋은 강의 감사합니다.,2024-07-11T08:27:56Z,5,
@김태훈-b2i1c,"책없는분은 위키독스에서 보라고 했는데 위키독스 링크가 없네요  
위키독스 링크를 알려 주세요",2024-07-10T14:39:38Z,0,
@jocoding,고정 댓글에 있습니다!,2024-07-10T14:49:42Z,0,@김태훈-b2i1c
@leearina8287,7년 전에 파이썬 공부했었는데 다 까먹었어요 ㅠ 눈이 침침해지는 요즘 그래도 점프 투 파이썬과 다시 시작해보렵니다~ 잘 부탁드려요!,2024-07-10T01:35:08Z,4,
@zonge18,학교에서 c언어 배울때도 어려움을 많이 느꼈는데 이번에 조코딩님 강의로 파이썬 잘 배울 수 있을까 생각했지만 열심히 배워보려합니다 좋은 영상 감사합니다!,2024-07-10T00:37:37Z,0,
@Jenn-bq9cs,"직장인으로서 뭔가 전환점이 필요하다는 생각을 했습니다. 조코딩님의 강의 들으면서 성취감 갖고 새로운 분야 공부하고 도전해보고 싶어요!
코딩으로 업무능력 향상, 내가 원하는 툴 제작 등 해보고 싶습니다!",2024-07-09T12:58:28Z,1,
@HYAR0505,"40대 후반의 나이에 AI 공부와 함께 프로그래밍이 개념 공부가 꼭 필요 한거 같아 한번 도전 중입니다. 
조코딩님 채널로 부터 AI 관련 소식도 많이 듣고 있고, 작년도 파이썬 강의가 있는 것을 보고 두달 전에 23년도 판으로 구매해서 예전 영상을 보면서 공부 하고 있었는데, 의욕 만큼 진도를 못 내고 있었네요. 
2024 통합본 소식과 함께 강의를 정 주행 해서  파이썬 기초를 꼭 마스터 해보겠습니다.",2024-07-09T06:57:34Z,0,
@full8065,"파이썬을 통하여 객체지향, 자료구조,알고리즘을 배우면서 훌륭한 프로그래머로써 성장하고 싶습니다. 그런 꿈을 키우기 위해 파이썬을 배우는 도중 조코딩님을 뵙게 되었고 이번 이벤트를 통하여 더 나은 프로그래머가 되고싶습니다. 잘부탁드립니다!",2024-07-09T06:34:05Z,0,
@도비-n3v,이해하기 쉬운 강의 감사드립니다. 28살 기존 4년 동안 다녔던 직장을 나와서 동종 업계로 가야 하나 많이 고민하다 아직까진 새롭게 흥미 있고 좋아할 수 있는 분야를 도전해 볼 수 있지 않을 까 해서 비 전공자이지만 웹 개발 공부 시작해서 부트 캠프 진행 중인데요.. 역시 어렵더라구요.. 여러 강의를 들어 보는게 좋을 거 같아 조코딩님 강의까지 타고 타고 왔는데 파이썬 입문으로 제일입니다.. 이해가 안되었던 부분들이 점점 풀리고 있어요!,2024-07-09T06:14:53Z,0,
@입닫고빵이나머거,1:37:23,2024-07-09T05:20:47Z,0,
@Ban-s9y,"안녕하세요! 저는 로봇공학과를 전공하면서 c언어나 아두이노 등 한가지의 언어를 한것이 아니라 정말 수박 겉 핥기식으로 밖에 알지 못했는데 조코딩님의 영상을 보면서 공부를 하고있습니다. 일단 파이썬에 대해 기초적인 공부를 탄탄하게 다져둬야될거 같다고 생각이 들어 들었던 부분을 계속 복습하면서 코드도 제 방식대로 짜서 복습을 진행해보면서 공부를 진행중입니다! 기초는 확실이 다져둬야 후반에 가서 기초 때문에 번거롭게 되는건 방지 해야죠. 파이썬에대해 공부 다짐을 말씀 드리자면 매일매일 빠지지않고 영상을 들으면서 공부를 하자, 게을리 하지 않자, 내용(함수,변수등 선언문) 이 많다고 도중 포기하거나 미루지 않기, 내가 이걸 왜 해야될까 보단 파이썬이 재밌다고 생각하면서 계속 시도하기, 영상을 보면서 코딩을 따라하되 개인적으로 노트 필기도 게을리 하지 않기 등 입니다. 계속 진행하고 있습니다! 앞으로도 많은 영상을 시청하면서 공부하겠습니다 감사합니다.",2024-07-09T05:03:45Z,1,
@잉크나라-Howl,"초보 컴퓨터 배우는데!!! 공부시작을 해보고 싶은데!!
책주면 기분도 좋을꺼같은데!!
공부는 조코딩인거같은데!!",2024-07-08T11:29:17Z,0,
@hela486,"휴직하는 동안 파이썬은 정말 배워보고 돌아가자 했는데 이제 3개월 밖에 남지 않았네요. 마지막 기회라고 생각하고 파이썬, 점프 해보겠습니다!!",2024-07-08T08:26:43Z,0,
@leettu-hyunwoo,곧 시험에 나오는데 이거 보고 열심히 복습해보겠습니다!,2024-07-08T04:56:11Z,1,
@seungeene,데이터 분석 공부하면서 파이썬 언어를 배우게 되었습니다. 두마리 토끼 모두 잡도록 열심히 해보겠습니다. 감사합니다.,2024-07-07T23:03:08Z,1,
@hjunjour,"헉 여름방학이라 마침 점프투파이썬 책 도서관에서 빌려서 보고 있다가 조코딩님 강의도 듣게 됐는데 마침 이런 이벤트도 진행한다니요...!!! 원래는 환경 전공인데 데이터 다루려면 코딩이 필요해서 공부하게 되었어요 (사실 조코딩님 먼 과 후배에요 ㅎㅎㅎ!!!). 이제 3장 볼 차례인데, 책을 소장하게 되면 반납할 걱정 없이 편하게 볼 수 있을 것 같아요!! 열공할게요💪 이벤트 감사합니다 :)",2024-07-07T15:45:29Z,0,
@20918이정우,개발자라는 꿈을 뒤늦게 깨달은 고등학생입니다. 학교에는 아직 정보 과목이 개설되지 않아 가장 대중적인 언어인 파이썬을 유튜브 강의를 통해 학습해보자는 생각에서 강의를 찾다가 조코딩님의 강의를 발견하게 되었습니다. 저같이 기본이 부족한 사람들에게도 친절한 강의에 저는 많은 도움을 얻을 수 있었습니다. 만약 제게 교재를 선물해주신다면 선물해주신 그 마음이 아깝지 않도록 열심히 공부해서 좋은 결과로 보답드리겠습니다,2024-07-07T14:13:47Z,6,
@chongminao6702,"고등학생이 뒤늦게 깨달은거라니,
의대를 준비해도 늦지 않은 나이인데",2025-03-16T18:00:43Z,1,@20918이정우
@LGC1228,"개발 직종으로 미래를 그려볼까 하는 한 청년입니다. 적성에 잘 맞으면 좋겠지만, 적성에 잘 맞지 않더라도 결국 프로그래밍 영역은 배워두면 꼭 쓸모가 있을만한 분야라고 생각되어 공부를 열심히 해보려고 합니다! 이렇게 양질의 강의를 무료로 제공해주시어 감사드립니다. 앞으로도 양질의 콘텐츠 기대하겠습니다! 감사합니다!!",2024-07-07T10:30:55Z,0,
@saebo99,국비지원에서 파이썬을 너무 후루루루 나가버려서 진도따라가기 벅찼는데 복습용으로 제격이네요. 감사합니다람쥐,2024-07-07T10:30:09Z,0,
@in3142,"오늘부터 나는 꾸준히 파이썬을 공부하기로 다짐한다. 매일 최소 한 시간 이상 코딩 연습을 할 것이며, 새로운 라이브러리와 모듈을 탐색할 것이다.",2024-07-07T10:19:37Z,0,
@rose_recorder,2:59:17 메소드라고 하시는 걸 보니 자바가 더 익숙하신 🤣,2024-07-07T10:18:55Z,0,
@BLA1NE,Dart 배우는 중인데 너무 좋아서 휴일에 병행하게 되네요.,2024-07-07T08:13:34Z,0,
@wuru4964,"파이썬을 공부하고자 하는 다짐은 크게 두 가지 동기에서 출발합니다. 첫째로, 파이썬은 현대의 가장 강력한 프로그래밍 언어 중 하나로, 데이터 분석, 인공지능, 웹 개발 등 다양한 분야에서 널리 사용되고 있습니다. 이를 통해 데이터 과학의 기초를 다지고, 머신러닝 및 딥러닝 기술을 배우며, 현업에서 바로 활용할 수 있는 기술력을 쌓고자 합니다. 둘째로, 파이썬은 문법이 간결하고 배우기 쉬운 편이어서, 프로그래밍 초보자로서도 빠르게 습득할 수 있을 것으로 기대합니다.

또한, 파이썬의 강력한 커뮤니티와 오픈 소스 생태계도 매력적입니다. 이를 통해 다른 개발자들과 경험을 공유하고 협력할 수 있는 기회를 가질 수 있습니다. 또한, 다양한 온라인 자료와 강의를 통해 지속적인 학습을 계획하며, 특히 데이터 구조, 알고리즘 등 핵심 개념을 깊이 있게 이해하고자 합니다.

끝으로, 파이썬을 통해 개발하는 소프트웨어가 실제로 사용자들에게 가치를 제공하는 경험을 쌓고 싶습니다. 이를 위해 다양한 프로젝트를 진행하며 문제 해결 능력을 기르고, 자신감 있는 개발자가 되기 위한 기반을 다짐합니다.

이 모든 과정을 통해 파이썬을 더 깊이 있게 이해하고, 실무에서 유용하게 활용할 수 있는 능력을 갖추는 것이 최종 목표입니다.",2024-07-07T07:13:30Z,0,
@1104koyeom,조코딩님의 강의와 점프 투 파이썬 교재로 더 나은 미래를 만들어가겠습니다!,2024-07-07T06:30:45Z,3,
@정정-j2s,"챙겨보는 조코딩님 영상들 
그리고 매번 바쁘고 다음에 다음에라고 미뤄왔었는데요 이번에 통합본으로 영상만들어 주셔서 감사합니다!!",2024-07-07T00:44:13Z,0,
@hanakim2678,😂❤,2024-07-06T23:19:54Z,0,
@hanakim2678,IT로 이직계획을 두고 파이썬을 시작해보려고 합니다 이 교재가 있다면 쉽고 빠르게 파이썬에 대한 기초를 잡아나갈 수 있을 것 같습니다 아울러 이 교재와 조코딩님의 티칭을 보면서 공부하고 싶습니다!!😊❤,2024-07-06T23:19:33Z,0,
@oopikolim,ai에 관심있어서 찾다찾다 여기까지왔네요,2024-07-06T18:24:05Z,0,
@용용-g6d,파이썬으로 데이터 분석을 다시 시작해보려고 합니다! 좋은 강의 들려주셔서 감사드려요~,2024-07-06T15:31:46Z,1,
@JJ-st5zh,"문과지만 대학원에 가서 코딩을 처음부터 시작해야 되서 너무 막막했는데 
너무나 감사하게도 이 강의를 보게 되었습니다 
조코딩님 강의 잘 공부해서 파이썬 이용해서 저의 꿈을 잘 펼쳐 보도록 하겠습니다 너무 감사합니다.",2024-07-06T14:22:48Z,0,
@kylekim9079,"컴공 전공을 하지 않았지만, R에 처음 접하여 업무활용해보고자 시작하였지만 실제 업무에 활용하기에는 많은 제약사항이 있더라구요 AI에 관심으로 조코딩님의 영상으로 꾸준히 관심을 가지고 있습니다. 파이썬이 더 쉽게 학습할 수 있도록 도와주셔서 감사드리며, 점프 투 파이썬으로 한층 더 상숙해지고 싶네요!!",2024-07-06T13:26:25Z,0,
@kkignkang,"안녕하세요? 먼저 좋은 강의 감사 드립니다.
다름이 아니라
환갑을 넘긴 노학도로서 파이썬 기초강의를 듣고 샘플 실행화일을 만들어 며칠 사용중,
바이러스 감염 경보와 함께 치료하면 화일이 삭제 되는 경우가 발생이 되었습니다.
보유중인 몇개의 화일도 마찬가지로 실행하면 감염경보 > 치료 > 삭제 되구요
추가로 실행화일을 생성하여 실행 해보니
마찬가지로 감염경보 > 치료 > 삭제 됩니다.
평소 코딩에 관심이 많아서 늦은 나이지만 시작을 했는데
복병을 만났습니다.... 웹상에 정보를 찾아봐도 딱히 없어서
고수님께 도움을 요청 드립니다.  
부디 도움을 주시기 바랍니다.^^:",2024-07-06T12:33:48Z,2,
@오이우잉오오,"사내연애 이별하고, 폐인처럼 살기 싫어서 뭐라도 해야할 것 같아서 파이썬을 시작해보려고 합니다
훗날 개발자의 길을 갈 수도 있다고 생각하기 때문에 열심히 해보려고 합니다.

소중한 강의 감사합니다.",2024-07-06T11:18:26Z,0,
@마앙,컴퓨터공학부 들어가고 군대를 다녀오고 2학년인 지금 아는게 하나도 없는 코딩... 그중에서도 파이썬을 최신버전으로 맛있게 먹겠습니다. 감사합니다.,2024-07-06T09:24:15Z,0,
@luckyguy2077,2학기때 파이썬 수업 듣는데 미리 예습 할려고 합니다. 여름 방학때 꼭 강의 착실히 수강해서 2학기 전공 기초 강의 꼭 A+ 학점 받겠습니다.,2024-07-06T09:16:25Z,0,
@단디-o2u,"저번달부터 시작하였으나 갑자기 정처기 시험이 나와버려서 노베이스로 준비하게 되어버려 중단을 하게 되었습니다. 내일 필기 시험이 끝나면 다시 시작하려고 합니다.
어차피 해야한다는 것 이전에 목표로 하던 개발자가 되기 위해서 다니던 측량회사도 때려치고 계약직으로 다른 회사로 가서 퇴근이 있는 삶도 얻었습니다. 꼭 하고 싶습니다. 정보처리기사도 따고 빅데이터도 따서 좀 더 높은 경지를 보고 싶습니다.",2024-07-06T08:57:33Z,0,
@윤성일-y3n,유익한 영상 감사합니다!열심히 해볼게요~!,2024-07-06T05:07:28Z,2,
@빈채원-h5z,고등학교에서 처음으로 파이썬 수업을 들어보고 파이썬의 매력에 빠져버렸습니다🔥 조코딩님 영상 보고 열심히 배워보겠습니다 감사합니다!!!!,2024-07-06T04:33:27Z,0,
@kkchong21,"육아휴직 후 복직해서 회사 적응 중인 30대에요. 복직하고 보니 팀 사람들도 모두 바뀌었고, 업무 방식도 바뀌었네요. 휴직 전엔 아무도 파이썬을 사용하지 않았는데 복직하니 모든 보고서에 파이썬을 활용한 분석데이터가 기본으로 들어가네요 ㅜㅜ 워킹맘이라 시간 부족하던 차에 조코딩님 영상이 8시간 정도라 주말을 할애해서 도전해보려고 합니다!! 좋은 자료와 영상 감사드립니자 😊",2024-07-06T03:48:44Z,42,
@키_작은_꼬마,육아에 일까지...대단하십니다!!,2024-07-11T01:49:00Z,3,@kkchong21
@kkchong21,@키_작은_꼬마 다정한 말씀 감사합니다😁!!,2024-07-17T09:09:31Z,3,@kkchong21
@키_작은_꼬마,@kkchong21  육아에 일까지 병행하시는 분 앞에서 그냥 취준생으로서 너무 늦은거 아닌가라는건 오만한 생각이였다는걸 다시 깨닫게 해주시네요!! 파이썬 마스터 하시길 바랍니다,2024-07-17T09:14:34Z,1,@kkchong21
@chanhood,2년을 거쳐 원격으로 코딩수업을 받아왔던 고3입니다 올해 4월달에 입시준비로 그만두었으니 벌써 3개월이 다되었네요 저는 당시 파이썬 자격증을 준비하고있었습니다  자격증과정수업을 듣고있었지만 입시준비로 인해 자격증 수업을 마저 듣지못해 반푼어치 실력으로 코딩은 끝났었는데요 그나마 남아 있던 지식이 마지막으로 가르쳐주신 선생님의 수업자료입니다.이선생님은 이전에 거쳐왔던 선생님과는 조금 다른신 분이셨습니다 주로 이론 중심이셨던 다른 선생님과 달리 주로 실무 중심이셨죠 그런 선생님의 방식이 좋아서 열심히 배웠습니다. (다만 제가 이론이 부족했어서 조금 수업을 따라가는 진도가 조금 늦었습니다)이런 선생님과 수업이 끝나고 마지막 약속을 걸었었습니다 꼭 언젠가 파이썬 자격증을 따서 선생님께 보여드리겠다는 약속이었습니다. 제계획은 수능이 끝나고 12월달을 거쳐 내년 1~2월달에 시행하는 자격증 시험을 보는것입니다.그리고 원래 준비했었던 자격증 급수보다 한등급 더 높혀 선생님이 가르치신 보람이 있게 해드리고 싶습니다.,2024-07-06T03:43:02Z,14,
@Cryptolover-o6e,착하다,2024-09-06T23:53:03Z,2,@chanhood
@chomi111,32:55 이거,2024-07-06T03:37:31Z,0,
@chomi111,32:52,2024-07-06T03:37:07Z,0,
@june-ew8qr,좋은 강의 무료로 제공해서 감사드립니다! 강의와 함께 방학 때 파이썬 마스터 하겠습니다!,2024-07-06T03:15:11Z,1,
@Aransom,"다짐하고 미루기만 반복해왔습니다
이번에야말로 새로운 것을 배우고 싶습니다.
매번 올려주시는 영상들 꼭 끝까지 듣겠습니다",2024-07-06T03:05:58Z,1,
@dudguszlxl,"코딩의 코자도 모르는 문과입니다. 직장다니다가 뭔가 퇴근하고 무료해서 공부를 하고싶다는 생각이 들었고, 코딩으로 만들고 싶은게생겨서 찾아보다가 여기까지왔네요. ㅎㅎ조코딩님 영상들 보면 주제도 신박하고 진짜 하나하나 너무쉽게 친절하게 설명해주셔서 좋더라고요. 😊",2024-07-06T02:02:21Z,4,
@zzangkim1596,비트하면서 알게 되었는데 이기 회에 제대로 코딩 공부를 해보고 싶네요.죠코딩님의 자세한 설명과 함께 이 책으로 열공해서 새로운 세계에 적응해야 것네요.,2024-07-06T02:00:11Z,0,
@solarself-n8n,저의 셋 아들을 키우고 있는데 아들들을 꼭 가르쳐보고 싶습니다🎉,2024-07-06T00:37:22Z,2,
@andrewahn4091,"비록 나이가 있지만, 새로운 시작을 위해 파이썬을 공부해보려고 합니다. 조코딩님 강의까지 있다고 하니 꼭 한번 도전해보고 싶습니다",2024-07-06T00:15:09Z,0,
@우시무선,"매번 광범위한 분량에도 불구하고, 깔끔하게 요약본 올려주셔서 너무 감사합니다ㅠㅠ
제가 직무 전환을 고민하고 퇴사한 뒤 개발 쪽 공부를 하려하는 과정에서 많이 막막했는데 조코딩님께서 틈틈히 라이브 방송도 해주시고, 다양한 자료도 올려주셔서 많이 도움받고 있습니다 
이번에도 올려주신 강의 열심히 들으면서 진도 따라가 보겠습니다. 감사하빈다!!",2024-07-06T00:07:50Z,1,
@jyjeong4894,어 조금봤는디 너무 쉽게 기초부터 갈켜주네요,2024-07-05T23:53:14Z,0,
@castlejunis7039,"안녕하세요. 3년전 독학으로 '코딩을 배우자!' 마음을 먹고 조코딩님 영상을 많이 시청하며 보고 배웠습니다. 멥버십도 가입해서 열심히 하였지만, 컴퓨터와 전혀 상관없는 업무를 하고 있었고, 두 아이의 아빠로 퇴근 후 정신없이 지나다 보니 점점 코딩과 멀어지고 손을 놓게 되었고 아쉽게도 3개월만에 포기하고 말았습니다. 하지만 구독 알림을 해 놓고 있어서 코딩관련 영상과 AI관련 소식 등을 들으며 '꼭 다시 해보자' 마음을 먹고 있었습니다. 오늘 아침도 습관처럼 유튜브를 열고 조코딩님 알림을 받고나서 '언제까지 마음만 먹을래 지금이야 다시 하자' 마음을 먹게 되었습니다. 아이들 밥 챙겨주고 지금 영상을 보고 있습니다. 다시 시작하니 재미있네요. 첫 목표는 이영상 10회 반복해서 보기 입니다. 항상 좋은 영상을 만들어주셔서 감사합니다.",2024-07-05T23:32:28Z,38,
@juhwangdy,"요즘 AI에 관심이 있고 회사에서도 파이썬 많이 쓰라고 강요 하고 있는데, 덕분에 강의 와 이 책으로 어느 정도 혼자 마스터 했어요 Class 와 객체 등 기본적인 건 땄는데. 하지만 뒷부분 내용은 마스터 하지 못해서 더 공부하고 싶어요.",2024-07-05T22:53:51Z,1,
@agspos,조코딩님 덕분에 코딩에 입문했습니다 C#에 이어서 파이썬해보고 있는데 조코딩님의 개념설명이 너무나 직관적이면서 이해가 잘됩니다. 감사합니다😊,2024-07-05T22:24:01Z,0,
@홍시-c9s,울 아들 녀석 공부 게임만 하는게 컴 프로그램이 어떤지 맛을 보여주고 싶군요..물론 저도 보고요 ^^,2024-07-05T22:08:51Z,0,
@seungmin8017,"조코딩의 설명덕분에 이번엔 제대로 파이썬에 뛰어들 수 있을 듯 합니다.
이렇게 좋은 영상, 감사합니다!!",2024-07-05T21:12:46Z,0,
@daedongking4041,책을산지 2년이 되었는데 24년 개정판이 나올때까지  왼독조차 못하고 있네요 다시 열공중인데 이번에는 완독을 목표로 꾸준하게 학습하겠습니다,2024-07-05T20:23:53Z,0,
@KGStar1125,평소에 파이썬을 배운다고 말만 하고 실행으로 옮기지 못했는데 이번을 기회로 점프 투 파이썬과 함께 공부할 수 있을 것 같아요.,2024-07-05T19:46:33Z,6,
@jiwoopark17,"처음 흥미가 생긴 언어가 파이썬입니다. 
이전에 배워봤었지만 감을 잡지 못해 실패를 한 경험이 있습니다. 그래서 프로그래밍 언어에 대한 벽이 느껴져 어떻게 공부해야 하나 막막했는데, 
이번에 조코딩님 유투브를 알게되면서 잠깐 본 영상이었지만 정말 잘 가르쳐주시는 것을 보고  제대로 처음부터 응용까지 배워보고 싶다 생각하였습니다. 포기하지 않고 끝까지 하여 파이썬을 잘 사용하는 사람이 되고 싶습니다. 화이팅.!!",2024-07-05T19:00:58Z,2,
@nomad-x4t,와 ㅋㅋㅋ 그동안 책으로 햇을때는 조건절까지만하고 접고 마음 다잡앗을땐 년단위가 지나가있어서 다까먹음 다시 조건절까지히고엿는데 이런거잇엇음 안그랫지 한달안에 므스터해봐야겟다,2024-07-05T17:55:24Z,1,
@yeslee1961,개발 정말 배워보고 싶었는데! 이렇게 진입장벽을 낮춰주셔서 너무 감사합니다! 막막했는데 이 영상보고 도전할 수 있게 되었어요!,2024-07-05T17:21:42Z,0,
@Lv0training,"딱 다짐한순간 3신간전에 뜨는 조코딩님의 파이썬 코딩무료강의...!
이건 하라는거다",2024-07-05T16:59:18Z,0,
@gichan-song,요즘처럼 급변하는 시대에서 파이썬은 정말 괜찮은 언어인것 같다는 생각이 갈수록 듭니다. 점프 투 파이썬은 e북으로 부분부분 접했는데 굉장히 유용한 내용들이 많았어서 한번 날잡고 정독을 해야겠다는 생각만 하고 못했네요😅 책이 있으면 공부하기 훨씬 수월하겠죠 ㅎㅎ 암튼 좋은 이벤트 진행해주셔서 감사드리고 늘 응원합니다!!,2024-07-05T16:55:23Z,0,
@Qoo00,프로그래밍 공부를 시작해보려고 합니다. 많은분들이 초보에겐 파이썬부터 공부해보란 말을 들어서 시작해보려고 유튜브로 찾아보다 이 영상을 보게 되었어요. 영상 시청하면서 노력해보겠습니다.,2024-07-05T16:12:51Z,1,
@1deria,소중한 고퀄 강의 편집본 귀하게 보고있습니다. 친절한 설명 너무 찰떡이시네요. 꿈꾸던 서비스 꼭 만들어보겠습니다.  항상 신기술동향소식도 감사합니다!!!,2024-07-05T15:48:43Z,1,
@화나는댓글만,형 본업하는거야?,2024-07-05T15:33:03Z,0,
@에코튜브-r4n,파이썬 항상 배우고 싶었지만 계속 강의 신청하고 바쁘다는 핑계로 수강을 못해서 결국 아나콘다 하나 다운받고 말았네요.. 업무자동화 빅데이터 분석에 필요한 파이썬 반드시 마수터해서 국가권력급 인재가 돼보이겠습니다 !,2024-07-05T15:27:18Z,0,
@kiki-e6o,지금 비전공자로 공부를 하고 있는 취준생입니다 배우고 있지만 아직도 너무 어렵고 언어를 쓸 때에 부족한 점도 많아서 조코딩님 영상을 보면서 많이 배우고 또 트렌드도 배우고 있습니다 항상 영상 감사합니다😊,2024-07-05T15:17:54Z,0,
@윤zi존-u7v,드디어 꿈이 없던 제가 처음으로 하고싶은 게 생겼습니다 그건 바로 개발자입니다 직업적성검사?같은 걸 했는데 개발자가 나와서 열심히 알아봤습니다 그런데 뭐부터 해야할 지 감이 잡히지 않던 중 인터넷에선 비전공자는 파이썬부터 가볍게 시작하라고 하더군요 그래서 공부해보려합니다 3일전에 노트북에 파이썬을 깔고 유튜브에 올라오는 가벼운 강의를 2시간정도 듣고 해보았습니다 어렵지만 재미있었어요 그래도 유명한 점프투파이썬으로 한 번 공부해보고싶습니다 파이썬 마스터해서 개발자의 길로 한걸음 더 가까워지고 싶습니다 지잡대 예체능 4학년 아무 스펙도 능력도 없고 할 수 있는건 운동뿐인 제가 할 수 있겠죠? 우울한 현실에서 벗어나 사람구실은 하면서 살고 싶습니다! 열심히 하겠습니다 읽어주셔서 감사합니다,2024-07-05T15:08:35Z,6,
@0.39_samgu,@윤zi존-u7v 혹시 어떻게 지내시나요,2025-10-27T16:41:18Z,0,@윤zi존-u7v
@qqqmmmin,개발자 공부를 하다가 포기하고 취업을 하였습니다. 하지만 늘 아쉽더라구요.. 다시 한 번 공부를 해보고 싶습니다,2024-07-05T15:07:13Z,2,
@yami.nyo1,저는 엔지니어로 일하다가 개발에 관심이 생겨서 기초잡기로 파이썬을 시작하려는데 마침 조코딩님 채널에 좋은 책이 나와서 제대로 공부해보고 싶습니다,2024-07-05T15:04:33Z,4,
@BUNGKOOKI,"코딩은 전혀 모르는  회사원으로써 gpt때문에 조코딩 유튜버를 알게 되고  매주 일요일! 휴일의 마무리로 여러 소식들을 보고 있습니다
뭔가  취미나 회사일 그리고, 일상 생활에 gpt와 파이썬을 연계해서 도움이 되는 것이 있지 않을까?! 라는 생각에 배워보고 싶었습니다! 
나이가 많아 이해가 잘 될지 모르지만 좋은기회에 유튜브 강의를 통해서  잘 배워 나갈 수 있길 바랍니다 ㅎㅎ 모르는건 gpt에게 물어보며 공부해야겠네요  좋은 강의 감사합니다 😅",2024-07-05T15:02:44Z,3,
@Choigamgak,"지적 허영심을 채우고 싶은데
잘 안 채워지는 파이썬 이녀석이란….ㅠㅠ
저는 책은 필요없습니다. 파이썬을 공부하려는 제 마음이 작심삼일이 아니기를 바랄뿐!!!! 
올해 안에 파이썬 공부 초석을 다지고, 내년 38살 늦은(?) 나이에
빅데이터전공 학사를 따기위해 사이버대를 가려고 합니다. 모든 육아하는 아빠들
자기계발과 직장 업무, 가정 내 화목, 건강 모두 쟁취하는 아빠들 되시길!
조코딩님도 화이팅임돠~ 😊",2024-07-05T14:47:47Z,2,
@squirrel_korea,안녕하세요 취직 준비생입니다. 현재 취직에 준비중이면서도 아직 가야할 길에대한 확실함이 안보며 이것저것 공부하고 있네요... 이에 현재는 코딩을 다시 복기하고 있습니다만 임베디드로 연구를 장기적으로 하다 파이썬을 다시 보니 난항을 겪고있지만 앞으로 취업을 위해 꾸준히 해나갈 생각입니다.,2024-07-05T14:43:26Z,0,
@원두막-y2e,"회사 프로그램으로 재고관리가 힘들어서 직접 만들어보고 싶습니다. 더 나아가선 매출, 매입의 전체적인 집계도 알수있는 프로그램 제작입니다 어려울지라도 조코딩님 영상이라면 가능합니다. 무료강의 감사드립니다.",2024-07-05T14:40:30Z,1,
@TurtleWorld-p9g,대학교 1학년입니다 조코딩 체널을 보면서 코딩의 활용도가 굉장히 높다는 것을 느꼈고 영어처럼  빨리 배울수록 이득이라는 생각이 들었습니다. 그래서 이번 방학에 파이썬을 공부하고 있습니다. 하루도 빠짐없이 하겠습니다! 그리고 항상 좋은 영상 만들어주셔서 감사합니다,2024-07-05T14:38:54Z,1,
@jjdjimv,"그동안 파이썬에 관심을 가지고 있었는데, 이제 AI가 발전하면서 파이썬의 입문장벽이 낮아지고, 파이썬을 공부해야할 필요성이 확 느껴지네요. 제대로 각잡고 공부해보고 싶다는 의욕이 뿜뿜 솟아오릅니다!",2024-07-05T14:30:26Z,1,
@alukekum510,컴공과인데 파이선 열심히 해볼게요!,2024-07-05T14:27:54Z,1,
@박현서-f6r,오 무료 강의는 언제나 환영이야,2024-07-05T14:25:53Z,3,
@초보사무장,현재 법무법인에서 사무장으로 일하고 있습니다. 내적으로는 업무효율화와 외적으로는 법이 어려운 의뢰인들을 위한 시스템을 구축하기위해 노력중입니다. 열심히 공부해보겠습니다!,2024-07-05T14:24:31Z,14,
@김진우-f6z7r,자동매매 위해 파이썬 열심히 배우려고 합니다!,2024-07-05T14:20:26Z,0,
@que_bic,고3 학생입니다. 초등학교 6학년부터 취미로 코딩을 시작했고 내년부터 본격적으로 코딩을 배울 예정입니다. 조코딩님의 영상들을 즐겨 보며 많이 배우고 있습니다. 항상 좋은 퀄리티의 영상 감사드립니다.,2024-07-05T13:57:34Z,7,
@어다-s6b,고3이면… 대학가서 배워도 안늦습니다… 학업에 더 열중하시길…,2024-10-28T17:22:23Z,0,@que_bic
@meojjidana,​@어다-s6b 제가 대학가서 코딩을 시작했는데요.. 솔직히 조금 많이 힘들긴 합니다,2025-01-18T08:38:20Z,3,@que_bic
@AnoMi-sg9ly,"안녕하세요. 정말 ai와 코딩에 대해서 극심히 배우고 싶은 30대 초반 남자입니다.

예전에 조코딩 영상 보고, 조코딩님 강의와 노마드님 강의를 보면서 이것저것 배워보고 있습니다.

최근 클로드3.5가 코드를 넘 잘 짜서 잘 이용중인데...

요즘 ai 최신정보를 가장 빨리 알려주는것 뿐만 아니라, 탁월한 요약정리 방식으로 중요내용만 잘 전달하시는 조코딩님의 파이썬 강의 책이라면 ㅠㅜ

꼭 갖고싶고, 배우고 싶습니다.

저에게 하사하신다면 첫작품을 메일로 보내겠습니다!!(진지합니다)

너무 갖고싶고, 배우고 싶습니다!!

기초만 알아도 많은 것을 저는 정말 큰 프로젝트를 해보고 싶습니다.

현재 챗gpt 유료결제, 클로드3.5 유료결제 해놓은 상태인데, 저에게 이런 좋은 영상을 만나게 해주셔서 감사합니다.",2024-07-05T13:53:07Z,2,
@Psychic-01tube,와 형..저 담주에 파이썬 프로젝트하러 해외 가는데 대부분 까먹었거든요..근데 이참에 이런 영상을!!!진짜 감사합니다.벼락치기 잘 할게요!,2024-07-05T13:33:00Z,3,
@키_작은_꼬마,"안녕하세요, 조코딩님! 저는 'Do it! 조코딩의 첫 웹개발' 책으로 공부하고 있는 대학생입니다. 조코딩님의 책과 유튜브 강의는 정말 재밌고 좋더라고요. 어려운 개념도 쉽게 설명해주셔서 큰 도움을 받고 있습니다. 특히 저 같이 이해가 부족한 사람을 위해 변수를 상자에 비유한다든지 식빵 만드는 과정을 알고리즘으로 설명해주신다든지 설명이 좋았습니다!. 그런데 지금 학교에서  Ai 교육과정을 배우는 과정 중 하나인, 파이썬을 배우고 있는데, 역시나 파이썬도 쉽지는 않네요. 조코딩님처럼 친절하고 재미있게 가르쳐주신다면, 이해가 쏙쏙 될 것 같아요.
그래서 이번 이벤트에 꼭 당첨되고 싶습니다! 'Do it! 점프 투 파이썬' 책을 통해 더 깊이 있는 공부를 하고 싶어요.  현재 이지스 퍼블리싱 카페에 'Do it! 조코딩의 첫 웹개발' 스터디 인증까지 하며 열심히 노력하고 있으니, 이 책을 받으면 정말 큰 힘이 되고 이것도 완독해서 스터디 인증까지 할 예정입니다💪. 언제나 좋은 강의 , IT 관련 최신 소식, 강연 등 열심히 하는 모습을 본 받고 요즘 열공중입니다 . 긴 글 읽어주셔서 감사합니다!!💘",2024-07-05T13:32:37Z,1,
@truetruetruetrue,"감사합니다. 회사에서도 영상으로
가르쳐주긴하지만 이거들을께요.",2024-07-05T13:31:37Z,2,
@wonsuknet,"안녕하세요!
25년 경력 개발자입니다.
주로 자바로 웹 개발하는 개발자입니다.
파이썬을 만들 사람처럼 저도 자바 언어 다음 언어로 파이썬을 생각하고 있었는데
이렇게 통합본을 올려주셔서 너무 감사합니다.
항상 열정적으로 IT 영상을 제작하고
매주 주말에 AI 뉴스까지 빠지지 않고 올려주셔서 
항상 감사히 보고 있어요!

NEXT 개발 언어로 파이썬을 공부해 보려 합니다!

항상 응원합니다!~~",2024-07-05T13:28:36Z,28,
@goodman4321,"25년 경력이신데도 파이썬을 따로 학습을 하셔야 하는건가요?
독학으로 책한권 슥~ 보고 하실수 있는것 아닌가 생각이 들어서요.
정말 궁금해서 질문을 드려 봅니다",2025-05-21T11:07:42Z,1,@wonsuknet
@asdasdasdasd-p7c,@goodman4321 독학 수준도 아닐거에요 그냥 보면 바로 이해가는 수준일껄요... 기초를 볼 필요가없을듯,2025-08-06T06:07:13Z,0,@wonsuknet
@minepearl,생기부 때문에 코딩 더 공부해야하는데 이걸 보고 더 열심히 할게요,2024-07-05T13:10:58Z,2,
@도라에몽-y5v,예전영상하고 같은건가요?,2024-07-05T13:06:28Z,0,
@jocoding,"2023 버전에 추가로 6,7,8장 새롭게 촬영하여 통합하였습니다!",2024-07-05T13:07:33Z,4,@도라에몽-y5v
@jocoding,"뒷 부분이 싱크가 안맞는 오류가 있어서 아래 재생목록을 통해 분할된 강의 수강을 권장드립니다.
https://www.youtube.com/playlist?list=PLU9-uwewPMe05-khW3YcDEaHMk_qA-7lI

교재: 점프 투 파이썬
https://link.coupang.com/a/bIrISW
(이 링크는 쿠팡 파트너스 활동의 일환으로, 이에 따른 일정액의 수수료를 제공받습니다)
위키독스: https://wikidocs.net/book/1

목차
00:00:00 강의 소개
00:00:16 01장 파이썬이란 무엇인가?
00:51:46 02장 파이썬 프로그래밍의 기초, 자료형 (1) - 숫자형, 문자열, 리스트
02:01:11 02장 파이썬 프로그래밍의 기초, 자료형 (2) - 튜플, 딕셔너리, 집합, 불
03:04:09 03장 프로그램의 구조를 쌓는다! 제어문 - 조건문 if, 반복문 for, while
04:18:12 04장 파이썬의 입출력 - 함수, 사용자 입출력, 파일 읽고 쓰기, 프로그램의 입출력
05:33:45 05장 파이썬 날개 달기 - 클래스, 모듈, 패키지, 예외 처리, 내장 함수, 라이브러리
07:01:58 06장 파이썬 프로그래밍, 어떻게 시작해야 할까?
07:29:24 07장 파이썬 날아오르기 - 유니코드, 클로저, 데코레이터, 이터레이터, 제너레이터
07:59:21 08장 정규표현식
08:37:58 VVIP 후원 감사 인사

VVIP 멤버십 후원
빵쌤의 알고리즘님, 그림자그림자님, 라다님, 차딩Chading TV님, 아부심벨님, prochild님, turtleday터틀데이님, AI Beauty Artist님, eyuri chi님, 밤B님, 정진균님, 서보성님, NG K님, Tae hwan Kim님, 엠이에스코리아님, 완벽한올챙이님 감사드립니다.
https://www.youtube.com/@jocoding/join

[🎁2024 통합본 기념 점프 투 파이썬 공부 다짐 댓글 이벤트 당첨자🎁]
당첨을 축하드립니다! 책은 이지스퍼블리싱 출판사에서 이번 주 중으로 보내주실 예정입니다.
점프 투 파이썬 책(20명)
@que_bic
@jjdjimv
@user-tx6rx5jq9o
@BUNGKOOKI
@Kimramen123
@gichan-song
@juhwangdy
@castlejunis7039
@user-ix7dt7nr6x
@zzangkim1596
@chanhood
@kkchong21
@kylekim9079
@hanakim2678
@20918이정우
@user-lr1lf7bt3p
@insaneah6714
@wist000
@enos9149
@youngjunlee5028",2024-07-05T13:01:56Z,53,
@키_작은_꼬마,앗! 아쉽게도 당첨 못됐네요 ㅠㅠ 그래도 교보문고가서 당장 책사서 공부해볼게요★,2024-07-15T00:49:32Z,0,@jocoding
@윤zi존-u7v,감사합니다 꼭 열심히 하겠습니다!!,2024-07-15T01:13:09Z,1,@jocoding
@hjunjour,우와 너무 감사합니다!!! 열심히 할게요🙇🏻‍♀️💪,2024-07-16T11:51:57Z,0,@jocoding
@kkchong21,@jocoding 진짜 감사합니다! 🥹🥹🥹 열심히 볼게요,2024-07-17T09:08:38Z,0,@jocoding
@hyunee9012,공부해야 하는데!!,2024-07-05T13:01:53Z,1,
@소고기100g,파이썬 각잡고 다시 공부해 보렵니다!!!,2024-07-05T12:25:39Z,25,
